"Model","Prompt","HumanCrowd","QuestionSource","Corr_err","Corr_HM","Cov_err","Sd_h","Sd_m","Accuracy","Accuracy_std","Sd_prod","AI_Lab","Corr_err_std"
"gpt4T","0S","SPF","Data",0.917486774397103,0.823066748711922,0.127341451435814,0.348040470813836,0.3987863050686,0.83572072243346,0.891402154117522,0.138793773370185,"OpenAI",1.01348573709691
"gpt4T","0S","SPF","Market",0.651117857161716,0.604271073191326,0.0736999921383648,0.286010174932806,0.395754946447944,0.824712962962963,0.682080140923656,0.1131899414641,"OpenAI",-1.22576710325837
"gpt4T","0S","PUB","Data",0.929807164410558,0.797858685738572,0.146954271845012,0.396322830933356,0.3987863050686,0.83572072243346,0.891402154117522,0.15804811736224,"OpenAI",1.11705813817978
"gpt4T","0S","PUB","Market",0.841988857628176,0.717718645418467,0.113941387141859,0.341939133062854,0.395754946447944,0.824712962962963,0.682080140923656,0.135324103293746,"OpenAI",0.378806111859964
"gpt4T","Reas","SPF","Data",0.904852253842736,0.77441990434693,0.130011099431468,0.348040470813836,0.412831674304517,0.815780038022814,0.512212890717713,0.143682130291808,"OpenAI",0.907272571043106
"gpt4T","Reas","SPF","Market",0.662841241259567,0.67582861218603,0.0716275550314465,0.286010174932806,0.377823634533389,0.831805555555556,0.816951888823352,0.108061403806643,"OpenAI",-1.12721348291802
"gpt4T","Reas","PUB","Data",0.941832531264898,0.7986940642638,0.154097569690386,0.396322830933356,0.412831674304517,0.815780038022814,0.512212890717713,0.163614617859324,"OpenAI",1.21815040211349
"gpt4T","Reas","PUB","Market",0.846118189576597,0.756814436325607,0.109312281621244,0.341939133062854,0.377823634533389,0.831805555555556,0.816951888823352,0.129192686043004,"OpenAI",0.413519690269343
"gpt4T","News","SPF","Data",0.877682365209589,0.723616102119062,0.124335487343835,0.348040470813836,0.40703146314043,0.816742395437262,0.530512944597373,0.14166342206744,"OpenAI",0.67886660338981
"gpt4T","News","SPF","Market",0.635852904588419,0.600749328461034,0.0708923349056604,0.286010174932806,0.389817325384354,0.825787037037037,0.70250458316434,0.111491721425018,"OpenAI",-1.35409321864156
"gpt4T","News","PUB","Data",0.933010092119473,0.770577171338492,0.15050932703241,0.396322830933356,0.40703146314043,0.816742395437262,0.530512944597373,0.161315861750761,"OpenAI",1.1439838209662
"gpt4T","News","PUB","Market",0.816887264690923,0.684925074157297,0.108886006289308,0.341939133062854,0.389817325384354,0.825787037037037,0.70250458316434,0.133293798294807,"OpenAI",0.167787446973797
"gpt4T","spf1","SPF","Data",0.8590569292848,0.654682818028054,0.124628399181604,0.348040470813836,0.416836100013312,0.804046328231939,0.289086307852115,0.145075832500836,"OpenAI",0.52229030038001
"gpt4T","spf1","SPF","Market",0.718199384856827,0.58730915366741,0.0902020142295597,0.286010174932806,0.439126577665756,0.786635102037037,-0.0420031321977735,0.125594669295827,"OpenAI",-0.661840564885621
"gpt4T","spf1","PUB","Data",0.915603084999223,0.64079508569489,0.151259152466051,0.396322830933356,0.416836100013312,0.804046328231939,0.289086307852115,0.165201663192495,"OpenAI",0.997650342793666
"gpt4T","spf1","PUB","Market",0.876064438797426,0.711921979667349,0.131545071453529,0.341939133062854,0.439126577665756,0.786635102037037,-0.0420031321977735,0.150154561271887,"OpenAI",0.665265368112339
"gpt4T","spf2","SPF","Data",0.84431021647518,0.598916069225362,0.127944221857686,0.348040470813836,0.435400461867531,0.782491254752852,-0.120801952086452,0.151536981740937,"OpenAI",0.398320811418713
"gpt4T","spf2","SPF","Market",0.702178634466016,0.668021268016596,0.0795592570754717,0.286010174932806,0.396151791789921,0.788236574074074,-0.0115497641200325,0.11330344326978,"OpenAI",-0.796520358570203
"gpt4T","spf2","PUB","Data",0.908691120469855,0.644046545156511,0.156802961578852,0.396322830933356,0.435400461867531,0.782491254752852,-0.120801952086452,0.172559143637031,"OpenAI",0.939544328152535
"gpt4T","spf2","PUB","Market",0.856146260786913,0.754050114519651,0.115973401467505,0.341939133062854,0.396151791789921,0.788236574074074,-0.0115497641200325,0.135459800245942,"OpenAI",0.497821519379309
"gpt4T","spf3","SPF","Data",0.850561242962621,0.593251068467262,0.127654478862937,0.348040470813836,0.431221811775066,0.796817300380228,0.15162012616361,0.150082642395389,"OpenAI",0.450870594488068
"gpt4T","spf3","SPF","Market",0.708387136458573,0.651333923429756,0.0824263286163522,0.286010174932806,0.406830782775979,0.812012962962963,0.440578718705345,0.116357743349808,"OpenAI",-0.744328061265113
"gpt4T","spf3","PUB","Data",0.938811393976197,0.689874466658871,0.160445729856962,0.396322830933356,0.431221811775066,0.796817300380228,0.15162012616361,0.170903049202905,"OpenAI",1.19275295587599
"gpt4T","spf3","PUB","Market",0.868182276259845,0.752882458806801,0.120774021663173,0.341939133062854,0.406830782775979,0.812012962962963,0.440578718705345,0.139111365165701,"OpenAI",0.599003301826199
"gpt4o","0S","SPF","Data",0.853331421161021,0.644848478842223,0.127349112051421,0.348040470813836,0.428793739854071,0.801481558935361,0.240315013932001,0.149237575100836,"OpenAI",0.474158331899171
"gpt4o","0S","SPF","Market",0.635628266440584,0.583644770927946,0.0722406446540881,0.286010174932806,0.397371693447482,0.826240740740741,0.711132149283252,0.11365234755626,"OpenAI",-1.35598165823809
"gpt4o","0S","PUB","Data",0.907760855788139,0.687934065224686,0.154265559623393,0.396322830933356,0.428793739854071,0.801481558935361,0.240315013932001,0.169940748865467,"OpenAI",0.9317239793955
"gpt4o","0S","PUB","Market",0.843177034424056,0.720692700550307,0.114568308874913,0.341939133062854,0.397371693447482,0.826240740740741,0.711132149283252,0.13587693236115,"OpenAI",0.388794620626802
"gpt4o","Reas","SPF","Data",0.922088367033332,0.849951653760947,0.127183512478725,0.348040470813836,0.396304062574022,0.830398669201521,0.790198734854936,0.137929852523698,"OpenAI",1.05216941493657
"gpt4o","Reas","SPF","Market",0.665401668464645,0.679817744179751,0.070431320754717,0.286010174932806,0.370084131179578,0.842062962962963,1.0120053122219,0.105847827098527,"OpenAI",-1.10568903497942
"gpt4o","Reas","PUB","Data",0.907080746978011,0.822765649117799,0.142470046098135,0.396322830933356,0.396304062574022,0.830398669201521,0.790198734854936,0.157064347989726,"OpenAI",0.926006587138787
"gpt4o","Reas","PUB","Market",0.876766992135334,0.8135618980399,0.110951572327044,0.341939133062854,0.370084131179578,0.842062962962963,1.0120053122219,0.126546246975865,"OpenAI",0.671171442190883
"gpt4o","News","SPF","Data",0.902410150053695,0.802199202996194,0.124544501441246,0.348040470813836,0.396543503687624,0.833713878326996,0.853240287512683,0.138013187721609,"OpenAI",0.886742818912832
"gpt4o","News","SPF","Market",0.711230551336163,0.702699146803246,0.0778126572327044,0.286010174932806,0.382523709774287,0.839581481481481,0.964817807734796,0.10940567314849,"OpenAI",-0.720424653513802
"gpt4o","News","PUB","Data",0.913136426886435,0.782599763945085,0.143507830490675,0.396322830933356,0.396543503687624,0.833713878326996,0.853240287512683,0.157159243969711,"OpenAI",0.976914172663262
"gpt4o","News","PUB","Market",0.878426578283105,0.802403137030226,0.114898043326345,0.341939133062854,0.382523709774287,0.839581481481481,0.964817807734796,0.130799825696207,"OpenAI",0.68512289356058
"gpt4o","spf1","SPF","Data",0.839742730825003,0.646750784862838,0.122051396405722,0.348040470813836,0.41760602136571,0.801862287737643,0.247554899540697,0.145343796290815,"OpenAI",0.359923856843103
"gpt4o","spf1","SPF","Market",0.679178570389056,0.573932495263889,0.0839117360849057,0.286010174932806,0.431973642372312,0.803117208333333,0.271418293921039,0.123548857021266,"OpenAI",-0.989872343280843
"gpt4o","spf1","PUB","Data",0.887864850402787,0.659096031719996,0.146947670757559,0.396322830933356,0.41760602136571,0.801862287737643,0.247554899540697,0.165506800602474,"OpenAI",0.76446652671192
"gpt4o","spf1","PUB","Market",0.84119291442974,0.686105111662949,0.124251505765199,0.341939133062854,0.431973642372312,0.803117208333333,0.271418293921039,0.147708692778792,"OpenAI",0.372114948017136
"gpt4o","spf2","SPF","Data",0.846952921802133,0.634834051209594,0.128222968327503,0.348040470813836,0.434987531409042,0.773800816007605,-0.286058118754034,0.151393265229751,"OpenAI",0.42053693735045
"gpt4o","spf2","SPF","Market",0.710455718792899,0.711588672314679,0.0766360488207547,0.286010174932806,0.377150430133237,0.82726969462963,0.730698592398504,0.10786886049839,"OpenAI",-0.726938348847745
"gpt4o","spf2","PUB","Data",0.89735222410857,0.680797256115934,0.154699476260004,0.396322830933356,0.434987531409042,0.773800816007605,-0.286058118754034,0.172395489868744,"OpenAI",0.844222936501329
"gpt4o","spf2","PUB","Market",0.873414877556441,0.805303027892935,0.112637758385744,0.341939133062854,0.377150430133237,0.82726969462963,0.730698592398504,0.128962491114042,"OpenAI",0.642991607359213
"gpt4o","spf3","SPF","Data",0.871993690325023,0.674194390344586,0.128322954568169,0.348040470813836,0.422825587087373,0.80313783269962,0.271810483983286,0.147160416402026,"OpenAI",0.631044276650893
"gpt4o","spf3","SPF","Market",0.695073032576864,0.658483357751313,0.0786872012578616,0.286010174932806,0.395814933920822,0.826214814814815,0.710639145505027,0.113207098491711,"OpenAI",-0.856254202060118
"gpt4o","spf3","PUB","Data",0.9392347953584,0.73550323691657,0.157392678145935,0.396322830933356,0.422825587087373,0.80313783269962,0.271810483983286,0.167575433665526,"OpenAI",1.19631231541969
"gpt4o","spf3","PUB","Market",0.867368645886035,0.765219907899478,0.117393675751223,0.341939133062854,0.395814933920822,0.826214814814815,0.710639145505027,0.135344615358217,"OpenAI",0.592163449247066
"gpt3.5","0S","SPF","Data",0.75519162188413,-0.19538561879427,0.140792529549158,0.348040470813836,0.535664297263375,0.585251901140684,-3.87147789025642,0.186432854217707,"OpenAI",-0.350862194382718
"gpt3.5","0S","SPF","Market",0.544813325258478,0.443399166213545,0.0653613600628931,0.286010174932806,0.419461278071692,0.741157407407407,-0.906800607179313,0.119970193518823,"OpenAI",-2.11942514518602
"gpt3.5","0S","PUB","Data",0.868161132114514,-0.245237622913281,0.184307127648017,0.396322830933356,0.535664297263375,0.585251901140684,-3.87147789025642,0.212295990721347,"OpenAI",0.598825551779453
"gpt3.5","0S","PUB","Market",0.735359880465678,0.521003726570662,0.105472833682739,0.341939133062854,0.419461278071692,0.741157407407407,-0.906800607179313,0.143430225777271,"OpenAI",-0.517579406591144
"gpt3.5","Reas","SPF","Data",0.834988026984587,0.45615327584616,0.130728861560746,0.348040470813836,0.449843535274765,0.745822813688213,-0.818083894420196,0.15656375580959,"OpenAI",0.319953036710625
"gpt3.5","Reas","SPF","Market",0.589656074043308,0.386080910050114,0.0728143081761006,0.286010174932806,0.431754097003751,0.753611111111111,-0.669982720854125,0.123486064811999,"OpenAI",-1.74245078335748
"gpt3.5","Reas","PUB","Data",0.938355296710518,0.507521116674943,0.167293044504798,0.396322830933356,0.449843535274765,0.745822813688213,-0.818083894420196,0.178283263377164,"OpenAI",1.18891873562143
"gpt3.5","Reas","PUB","Market",0.787360725583075,0.495548374877833,0.116240915443746,0.341939133062854,0.431754097003751,0.753611111111111,-0.669982720854125,0.147633621625798,"OpenAI",-0.0804299022925352
"gpt4","0S","SPF","Data",0.870851437821278,0.710471357307966,0.124144786927395,0.348040470813836,0.409595019094285,0.824049049429658,0.669455254110806,0.142555643288577,"OpenAI",0.621441834331565
"gpt4","0S","SPF","Market",0.614282734801599,0.536546168438822,0.070710251572327,0.286010174932806,0.402469143662318,0.7918,0.0562118444690004,0.115110270183916,"OpenAI",-1.53542467601802
"gpt4","0S","PUB","Data",0.918460891803375,0.737096899774264,0.1490954626109,0.396322830933356,0.409595019094285,0.824049049429658,0.669455254110806,0.162331857503649,"OpenAI",1.02167473749333
"gpt4","0S","PUB","Market",0.810616143401551,0.64033089770441,0.111556953179595,0.341939133062854,0.402469143662318,0.7918,0.0562118444690004,0.137619950068442,"OpenAI",0.115068735251773
"gpt4","Reas","SPF","Data",0.88620979007039,0.727015636879786,0.127437515466232,0.348040470813836,0.413172116556396,0.822484980988593,0.639713147578216,0.143800617973437,"OpenAI",0.750553121992092
"gpt4","Reas","SPF","Market",0.66878977472275,0.677788973635729,0.0724240959119497,0.286010174932806,0.378627343530605,0.829953703703704,0.781737333235964,0.108291272757532,"OpenAI",-1.07720663305118
"gpt4","Reas","PUB","Data",0.955510722672876,0.791940776931387,0.156464444070252,0.396322830933356,0.413172116556396,0.822484980988593,0.639713147578216,0.163749542896357,"OpenAI",1.33313727550372
"gpt4","Reas","PUB","Market",0.835656317172497,0.730630018023339,0.108190338923829,0.341939133062854,0.378627343530605,0.829953703703704,0.781737333235964,0.129467505600747,"OpenAI",0.32557107471968
"C2.1","0S","SPF","Data",0.838211835611204,0.467765621416208,0.13152763572696,0.348040470813836,0.450851456725098,0.777058935361217,-0.224102177206449,0.156914553265707,"Anthropic",0.347054256698443
"C2.1","0S","SPF","Market",0.594772323093412,0.395047513603792,0.074172822327044,0.286010174932806,0.436026183828365,0.790846296296296,0.0380763483414947,0.124707925112035,"Anthropic",-1.69944060282923
"C2.1","0S","PUB","Data",0.948433899664896,0.568319240707883,0.169468754300199,0.396322830933356,0.450851456725098,0.777058935361217,-0.224102177206449,0.178682725659718,"Anthropic",1.27364536411337
"C2.1","0S","PUB","Market",0.775243450113728,0.47157826765096,0.115584468902865,0.341939133062854,0.436026183828365,0.790846296296296,0.0380763483414947,0.149094415290976,"Anthropic",-0.182294803774734
"C2.1","Reas","SPF","Data",0.824015413196317,0.385658356840058,0.13293443632084,0.348040470813836,0.463524202802161,0.772073954372624,-0.318895877873889,0.161325181776872,"Anthropic",0.227710830500837
"C2.1","Reas","SPF","Market",0.628895052478272,0.367948032140011,0.0808277777777778,0.319028484012182,0.40285893515898,0.821315789473684,0.617479965397422,0.128523475354531,"Anthropic",-1.41258499111309
"C2.1","Reas","PUB","Data",0.910471750016181,0.365595036543431,0.167258417019736,0.396322830933356,0.463524202802161,0.772073954372624,-0.318895877873889,0.183705224260679,"Anthropic",0.954513341093737
"C2.1","Reas","PUB","Market",0.817063780651655,0.456170954503041,0.122521929824561,0.372224426108514,0.40285893515898,0.821315789473684,0.617479965397422,0.149953935942238,"Anthropic",0.169271343332799
"C2.1","News","SPF","Data",0.823799455173081,0.465335295844345,0.127276916118052,0.348040470813836,0.443913544326077,0.783731368821293,-0.0972201165556298,0.154499878967886,"Anthropic",0.225895361106179
"C2.1","News","SPF","Market",0.643993645607454,0.51267747840562,0.0746437630662021,0.26848404817524,0.431711339443324,0.798195238095238,0.177822796864648,0.115907608056899,"Anthropic",-1.28565739047261
"C2.1","News","PUB","Data",0.920917056077018,0.520923233890122,0.162019767264168,0.396322830933356,0.443913544326077,0.783731368821293,-0.0972201165556298,0.175933072576971,"Anthropic",1.04232269027707
"C2.1","News","PUB","Market",0.848050174726279,0.683008125227309,0.12424099883856,0.339351622671122,0.431711339443324,0.798195238095238,0.177822796864648,0.146501943565616,"Anthropic",0.429761086896435
"C2.1","spf1","SPF","Data",0.801990975687336,0.25059796107874,0.13037381830889,0.348040470813836,0.467079875874802,0.74107533269962,-0.908361328333554,0.162562699907134,"Anthropic",0.042560533082189
"C2.1","spf1","SPF","Market",0.478322527018228,0.295481986059977,0.0555359418579932,0.260605027660974,0.445523397577631,0.761946959183674,-0.511469400781718,0.116105637349329,"Anthropic",-2.67838566641455
"C2.1","spf1","PUB","Data",0.921441949654262,0.343081565443309,0.170572190856419,0.396322830933356,0.467079875874802,0.74107533269962,-0.908361328333554,0.185114418678702,"Anthropic",1.0467352525457
"C2.1","spf1","PUB","Market",0.695890088810013,0.355011580879166,0.104094857568027,0.335751612666512,0.445523397577631,0.761946959183674,-0.511469400781718,0.149585199217353,"Anthropic",-0.849385549704592
"C2.1","spf2","SPF","Data",0.80177746436858,0.429604689137944,0.13097601379685,0.348040470813836,0.469362270312652,0.755038403041825,-0.642841537296003,0.163357065541866,"Anthropic",0.0407656321157629
"C2.1","spf2","SPF","Market",0.60981222436364,0.458318544364856,0.0645900641025641,0.262594774633967,0.403351345221889,0.718875,-1.33051974728456,0.10591795559685,"Anthropic",-1.573006400267
"C2.1","spf2","PUB","Data",0.88752620083832,0.509398674876764,0.165096721890277,0.396322830933356,0.469362270312652,0.755038403041825,-0.642841537296003,0.186018983703617,"Anthropic",0.761619640494914
"C2.1","spf2","PUB","Market",0.794644407835563,0.561879382068954,0.101903846153846,0.317931994623266,0.403351345221889,0.718875,-1.33051974728456,0.128238297720373,"Anthropic",-0.0191990111607571
"C2.1","spf3","SPF","Data",0.827718365301067,0.457379419761017,0.132061626666667,0.348040470813836,0.458420788193139,0.769224904942966,-0.373073003010316,0.15954898695359,"Anthropic",0.258840010678162
"C2.1","spf3","SPF","Market",0.623254604054634,0.516752110227823,0.0751750823529412,0.294341242621287,0.409786170926195,0.784345098039216,-0.0855495276591485,0.120616970759435,"Anthropic",-1.46000189802775
"C2.1","spf3","PUB","Data",0.91724456549517,0.528051315650168,0.1666474,0.396322830933356,0.458420788193139,0.769224904942966,-0.373073003010316,0.181682624535405,"Anthropic",1.01144958746939
"C2.1","spf3","PUB","Market",0.81007036307122,0.625351900797578,0.116525058823529,0.351026003170649,0.409786170926195,0.784345098039216,-0.0855495276591485,0.143845601734827,"Anthropic",0.110480586726089
"C3H","0S","SPF","Data",0.766548374889465,0.0703901970456323,0.134830538044541,0.348040470813836,0.505381049377308,0.697350760456274,-1.73982167342452,0.175893058365669,"Anthropic",-0.255390689342446
"C3H","0S","SPF","Market",0.609040504157314,0.516427847474499,0.0706837657232704,0.286010174932806,0.405781290383671,0.794212962962963,0.102096410399366,0.116057577847093,"Anthropic",-1.57949393147714
"C3H","0S","PUB","Data",0.876630389435922,0.0875846876998526,0.17558384946587,0.396322830933356,0.505381049377308,0.697350760456274,-1.73982167342452,0.200294048189285,"Anthropic",0.670023080040246
"C3H","0S","PUB","Market",0.796786831999732,0.59306341829211,0.110556167016073,0.341939133062854,0.405781290383671,0.794212962962963,0.102096410399366,0.138752502646919,"Anthropic",-0.00118854115302425
"C3H","Reas","SPF","Data",0.848881839959019,0.529001536157272,0.132054067753033,0.348040470813836,0.446966313887857,0.760257984790875,-0.5435867014078,0.155562366323454,"Anthropic",0.436752551043101
"C3H","Reas","SPF","Market",0.62880072673993,0.560853996780663,0.0735509040880503,0.286010174932806,0.408971926100344,0.767175925925926,-0.412036101176504,0.116970132126566,"Anthropic",-1.41337794841341
"C3H","Reas","PUB","Data",0.934731288661755,0.568152967142287,0.165581062466051,0.396322830933356,0.446966313887857,0.760257984790875,-0.5435867014078,0.177142954851882,"Anthropic",1.15845320533025
"C3H","Reas","PUB","Market",0.793237821456772,0.583024234905624,0.110929157931516,0.341939133062854,0.408971926100344,0.767175925925926,-0.412036101176504,0.139843505857797,"Anthropic",-0.0310235985660855
"C3H","News","SPF","Data",0.832832516900376,0.417948615234708,0.1325233654608,0.348040470813836,0.457198751279226,0.722565209125475,-1.26034724712037,0.15912366865072,"Anthropic",0.301832558808844
"C3H","News","SPF","Market",0.627208628432168,0.646825077076188,0.0691937106918239,0.286010174932806,0.385720848575568,0.786759259259259,-0.039642175839872,0.110320087376329,"Anthropic",-1.4267620575459
"C3H","News","PUB","Data",0.935952102506569,0.479598421223111,0.169592933043636,0.396322830933356,0.457198751279226,0.722565209125475,-1.26034724712037,0.181198303406178,"Anthropic",1.16871608021039
"C3H","News","PUB","Market",0.815890113257302,0.712103094378676,0.107610237596087,0.341939133062854,0.385720848575568,0.786759259259259,-0.039642175839872,0.131893052566198,"Anthropic",0.159404809077545
"C3H","spf1","SPF","Data",0.840640118792335,0.475498305664653,0.13317439293862,0.348040470813836,0.455177583457651,0.713717566539924,-1.42859278000934,0.158420220450505,"Anthropic",0.36746782471896
"C3H","spf1","SPF","Market",0.539985664921153,0.345253556277469,0.0655038452830189,0.286010174932806,0.424133992711719,0.709017308148148,-1.51797223563197,0.121306637450428,"Anthropic",-2.16000928028266
"C3H","spf1","PUB","Data",0.930130537424308,0.522662566438849,0.167793008256382,0.396322830933356,0.455177583457651,0.713717566539924,-1.42859278000934,0.18039726845334,"Anthropic",1.11977660078064
"C3H","spf1","PUB","Market",0.752717533385712,0.446697983198598,0.109165125786164,0.341939133062854,0.424133992711719,0.709017308148148,-1.51797223563197,0.145028009770332,"Anthropic",-0.371660828678612
"C3H","spf2","SPF","Data",0.831301666353982,0.458815472629375,0.133344231440159,0.348040470813836,0.460877847665678,0.760036536121673,-0.547797738302331,0.16040414308923,"Anthropic",0.288963334164501
"C3H","spf2","SPF","Market",0.616907053925667,0.595650768534366,0.0686979952830189,0.286010174932806,0.389352389255374,0.775587037037037,-0.252091589698587,0.111358744961435,"Anthropic",-1.5133631152565
"C3H","spf2","PUB","Data",0.903836628963169,0.448595681301136,0.165091556856781,0.396322830933356,0.460877847665678,0.760036536121673,-0.547797738302331,0.182656413301334,"Anthropic",0.89873463456047
"C3H","spf2","PUB","Market",0.825468395083247,0.71195416023383,0.10989858490566,0.341939133062854,0.389352389255374,0.775587037037037,-0.252091589698587,0.133134818437933,"Anthropic",0.239925445670881
"C3H","spf3","SPF","Data",0.818502417980996,0.229141302856658,0.136105062502263,0.348040470813836,0.47777625849096,0.717304562737643,-1.36038296243133,0.166285473948867,"Anthropic",0.181365369765771
"C3H","spf3","SPF","Market",0.566894843213339,0.464007889864559,0.0650050314465409,0.286010174932806,0.400924856725971,0.75,-0.738651104249533,0.114668588407105,"Anthropic",-1.93379499616948
"C3H","spf3","PUB","Data",0.936822934137402,0.350361602689695,0.177390831975376,0.396322830933356,0.47777625849096,0.717304562737643,-1.36038296243133,0.189353639317884,"Anthropic",1.17603679999651
"C3H","spf3","PUB","Market",0.771213437854847,0.538604478019342,0.105727113906359,0.341939133062854,0.400924856725971,0.75,-0.738651104249533,0.137091897932228,"Anthropic",-0.216173442810496
"C3O","0S","SPF","Data",0.908833145480387,0.796975431912448,0.128090235017201,0.348040470813836,0.404950665915115,0.8350963878327,0.879529894745573,0.140939220421473,"Anthropic",0.940738273420382
"C3O","0S","SPF","Market",0.575653160128667,0.420671879217098,0.0728527987421384,0.286010174932806,0.442490410971286,0.78577037037037,-0.058446748523536,0.126556759847987,"Anthropic",-1.86016746397492
"C3O","0S","PUB","Data",0.912770500650875,0.721902099051976,0.14649162777476,0.396322830933356,0.404950665915115,0.8350963878327,0.879529894745573,0.160491194303826,"Anthropic",0.973837982802808
"C3O","0S","PUB","Market",0.808680740732974,0.603622837887267,0.122357267645003,0.341939133062854,0.442490410971286,0.78577037037037,-0.058446748523536,0.151304787516148,"Anthropic",0.0987986089629352
"C3O","Reas","SPF","Data",0.91125493537615,0.81669500849743,0.126290104030418,0.348040470813836,0.398198555301426,0.833653041825095,0.852083429108597,0.138589212664498,"Anthropic",0.961097255088054
"C3O","Reas","SPF","Market",0.635221524820971,0.574536181546204,0.0734617498185776,0.288716042650464,0.400557756997485,0.801133962264151,0.233705164289827,0.11564745045326,"Anthropic",-1.35940096607799
"C3O","Reas","PUB","Data",0.911376580596518,0.773071013515672,0.143829057939526,0.396322830933356,0.398198555301426,0.833653041825095,0.852083429108597,0.157815178710634,"Anthropic",0.962119875925537
"C3O","Reas","PUB","Market",0.828094049551642,0.679034185833513,0.114504916545718,0.345206785801953,0.400557756997485,0.801133962264151,0.233705164289827,0.138275255821142,"Anthropic",0.261998232117469
"C3O","News","SPF","Data",0.851239048181474,0.66415081556084,0.12168379813145,0.348040470813836,0.41072531563018,0.814718013307985,0.49201757740573,0.142949032227089,"Anthropic",0.456568621409816
"C3O","News","SPF","Market",0.642156100449868,0.55533874019089,0.0753442924528302,0.286010174932806,0.410230798668385,0.791192592592593,0.0446614702363373,0.117330182489969,"Anthropic",-1.30110486931553
"C3O","News","PUB","Data",0.91064243567761,0.695475188992226,0.148234211606011,0.396322830933356,0.41072531563018,0.814718013307985,0.49201757740573,0.162779819826549,"Anthropic",0.955948224548345
"C3O","News","PUB","Market",0.860740010862886,0.729104871600267,0.120739412997904,0.341939133062854,0.410230798668385,0.791192592592593,0.0446614702363373,0.14027396365235,"Anthropic",0.536439268072619
"C3O","spf1","SPF","Data",0.897388535020608,0.784840592965986,0.124208412337498,0.348040470813836,0.397686406449031,0.834841796577947,0.874688623083593,0.138410964136783,"Anthropic",0.844528187255666
"C3O","spf1","SPF","Market",0.601019773763479,0.489210000049463,0.0723400913915094,0.288716042650464,0.416887982539058,0.81149975,0.430819532842635,0.120362248547213,"Anthropic",-1.64692088017118
"C3O","spf1","PUB","Data",0.909471716977959,0.731906940139432,0.143343840358501,0.396322830933356,0.397686406449031,0.834841796577947,0.874688623083593,0.157612202427593,"Anthropic",0.946106478744603
"C3O","spf1","PUB","Market",0.804370117352498,0.610709880786017,0.115758963171263,0.345206785801953,0.416887982539058,0.81149975,0.430819532842635,0.143912560491769,"Anthropic",0.0625609887908178
"C3O","spf2","SPF","Data",0.870075584604755,0.713840562003805,0.124100642292232,0.348040470813836,0.409814480445878,0.817105513307985,0.53741794319677,0.142632024720711,"Anthropic",0.614919558621511
"C3O","spf2","SPF","Market",0.612625032481427,0.491018640908209,0.074471784591195,0.286010174932806,0.425026040226619,0.786527777777778,-0.0440439952882948,0.121561772116213,"Anthropic",-1.54936029083163
"C3O","spf2","PUB","Data",0.898992005091987,0.685781834412744,0.14601323418432,0.396322830933356,0.409814480445878,0.817105513307985,0.53741794319677,0.162418835047793,"Anthropic",0.858007894081171
"C3O","spf2","PUB","Market",0.832632419750514,0.659937557019495,0.121008997204752,0.341939133062854,0.425026040226619,0.786527777777778,-0.0440439952882948,0.145333035724228,"Anthropic",0.300150425188207
"C3O","spf3","SPF","Data",0.873478351605234,0.701415404377968,0.125347416716277,0.348040470813836,0.412319139354326,0.817746570342205,0.549608194022543,0.143503747386435,"Anthropic",0.643525207320962
"C3O","spf3","SPF","Market",0.638898207708474,0.624140821704415,0.0694725393081761,0.286010174932806,0.380189413604103,0.793861111111111,0.0954056448377629,0.10873804069251,"Anthropic",-1.3284926202981
"C3O","spf3","PUB","Data",0.920986016815089,0.69345079148234,0.150499695947854,0.396322830933356,0.412319139354326,0.817746570342205,0.549608194022543,0.163411488556912,"Anthropic",1.04290241455647
"C3O","spf3","PUB","Market",0.831710879470137,0.719167665684183,0.108123777078966,0.341939133062854,0.380189413604103,0.793861111111111,0.0954056448377629,0.130001638487462,"Anthropic",0.292403418849201
"C3.5S","0S","SPF","Data",0.940923823849272,0.884682257956211,0.126635165223972,0.348040470813836,0.386696382225219,0.84872844296578,1.13875514690283,0.134585990931672,"Anthropic",1.21051127633781
"C3.5S","0S","SPF","Market",0.57944825908975,0.47877772567651,0.0711372004716981,0.286010174932806,0.429240432690822,0.800166611111111,0.215310150176154,0.122767131242135,"Anthropic",-1.82826364345323
"C3.5S","0S","PUB","Data",0.916305477643912,0.813592226292843,0.140429866568894,0.396322830933356,0.386696382225219,0.84872844296578,1.13875514690283,0.153256604915186,"Anthropic",1.00355506599106
"C3.5S","0S","PUB","Market",0.790377837269959,0.61917791840627,0.116006996855346,0.341939133062854,0.429240432690822,0.800166611111111,0.215310150176154,0.146774101429824,"Anthropic",-0.0550662976173147
"C3.5S","Reas","SPF","Data",0.93007220694726,0.872581457466734,0.122490646902191,0.348040470813836,0.378404693161854,0.855924379771863,1.27559207389986,0.131700147566217,"Anthropic",1.11928624068996
"C3.5S","Reas","SPF","Market",0.598073986092529,0.539978907090932,0.068088411163522,0.286010174932806,0.398049244325945,0.825082314814815,0.689103684035558,0.113846134001535,"Anthropic",-1.67168489347169
"C3.5S","Reas","PUB","Data",0.918030189583298,0.829843804336253,0.137677372399783,0.396322830933356,0.378404693161854,0.855924379771863,1.27559207389986,0.149970419232374,"Anthropic",1.01805400283831
"C3.5S","Reas","PUB","Market",0.82096763794334,0.68360892048315,0.111740766946191,0.341939133062854,0.398049244325945,0.825082314814815,0.689103684035558,0.136108613521138,"Anthropic",0.202089449962796
"C3.5S","News","SPF","Data",0.918244402937521,0.846729519466144,0.121435441088249,0.348040470813836,0.379977094276193,0.851230151235741,1.18632728116828,0.13224740679036,"Anthropic",1.01985480552529
"C3.5S","News","SPF","Market",0.64848781986931,0.624079565455086,0.0723763752358491,0.286010174932806,0.390223591647132,0.82598881462963,0.706341557619687,0.111607917709904,"Anthropic",-1.24787673428584
"C3.5S","News","PUB","Data",0.926232616388555,0.827997211195167,0.139484702002897,0.396322830933356,0.379977094276193,0.851230151235741,1.18632728116828,0.150593597693372,"Anthropic",1.0870083977884
"C3.5S","News","PUB","Market",0.866708360365665,0.782093662761213,0.115647251048218,0.341939133062854,0.390223591647132,0.82598881462963,0.706341557619687,0.133432716628494,"Anthropic",0.586612703152966
"C3.5S","spf1","SPF","Data",0.892951742630688,0.790137461624325,0.120915274394206,0.348040470813836,0.389066133597458,0.844851843250951,1.06503826938297,0.135410760314978,"Anthropic",0.807229916630432
"C3.5S","spf1","SPF","Market",0.684209808800564,0.634105826032008,0.0787891985062893,0.286010174932806,0.402620517807016,0.823957680555556,0.667717796390948,0.115153564729521,"Anthropic",-0.947576811878736
"C3.5S","spf1","PUB","Data",0.907661427025763,0.75560825873793,0.139957572143038,0.396322830933356,0.389066133597458,0.844851843250951,1.06503826938297,0.15419579148764,"Anthropic",0.930888123091865
"C3.5S","spf1","PUB","Market",0.864310054319945,0.757293038449915,0.118991043850454,0.341939133062854,0.402620517807016,0.823957680555556,0.667717796390948,0.137671710812248,"Anthropic",0.566451140457668
"C3.5S","spf2","SPF","Data",0.848896815558326,0.65723566354461,0.126081333976462,0.348040470813836,0.426742741814635,0.801309155893536,0.237036621822117,0.148523744777553,"Anthropic",0.436878444685774
"C3.5S","spf2","SPF","Market",0.653555400800065,0.584889168739272,0.0763226580188679,0.286010174932806,0.408309603982569,0.810788388888889,0.417292389532073,0.116780701261799,"Anthropic",-1.20527568642073
"C3.5S","spf2","PUB","Data",0.895684546922408,0.696989887254161,0.151485238884664,0.396322830933356,0.426742741814635,0.801309155893536,0.237036621822117,0.169127891516238,"Anthropic",0.830203467132809
"C3.5S","spf2","PUB","Market",0.878164598103324,0.771738033447323,0.122606734800839,0.341939133062854,0.408309603982569,0.810788388888889,0.417292389532073,0.139617032007037,"Anthropic",0.682920535012969
"C3.5S","spf3","SPF","Data",0.907604744120352,0.804506889714025,0.125502636919066,0.348040470813836,0.397307118229826,0.835302887737643,0.883456668031532,0.138278956486397,"Anthropic",0.93041161345156
"C3.5S","spf3","SPF","Market",0.669305478298222,0.660306050649091,0.0729035310534591,0.286010174932806,0.380840126161384,0.839394199074074,0.961256471691855,0.108924151104849,"Anthropic",-1.07287132731002
"C3.5S","spf3","PUB","Data",0.922066517520724,0.767695912944938,0.145190329036755,0.396322830933356,0.397307118229826,0.835302887737643,0.883456668031532,0.157461881846818,"Anthropic",1.05198573516013
"C3.5S","spf3","PUB","Market",0.876460494422198,0.802403299475968,0.114136316387142,0.341939133062854,0.380840126161384,0.839394199074074,0.961256471691855,0.130224142575172,"Anthropic",0.668594843232464
"G1.5f","0S","SPF","Data",0.866222575395625,0.691126797578948,0.127387509433279,0.348040470813836,0.422539779364919,0.810525646387833,0.412296114911422,0.147060943747741,"Google",0.582528910699797
"G1.5f","0S","SPF","Market",0.634328669071124,0.531969941838898,0.0778115801886792,0.286010174932806,0.428892459875858,0.768331481481481,-0.390062218489975,0.122667607476456,"Google",-1.36690683348408
"G1.5f","0S","PUB","Data",0.891068426576935,0.660353672107243,0.149220244794496,0.396322830933356,0.422539779364919,0.810525646387833,0.412296114911422,0.16746216153986,"Google",0.791397660876185
"G1.5f","0S","PUB","Market",0.832814659364853,0.679721634331253,0.122136530398323,0.341939133062854,0.428892459875858,0.768331481481481,-0.390062218489975,0.146655115907146,"Google",0.301682437925537
"G1.5f","Reas","SPF","Data",0.852195808931552,0.597937746310659,0.134235728987869,0.348040470813836,0.452583778730382,0.786230038022814,-0.0497057727902437,0.157517471432027,"Google",0.464611711607382
"G1.5f","Reas","SPF","Market",0.66500491661363,0.583199518242861,0.0782119103773585,0.286010174932806,0.411212733204707,0.799398148148148,0.200697166044054,0.117611025758476,"Google",-1.10902436298436
"G1.5f","Reas","PUB","Data",0.89496151917475,0.605030867265591,0.160528607278653,0.396322830933356,0.452583778730382,0.786230038022814,-0.0497057727902437,0.179369284420941,"Google",0.824125273196358
"G1.5f","Reas","PUB","Market",0.835342539078429,0.674453893787339,0.117457285115304,0.341939133062854,0.411212733204707,0.799398148148148,0.200697166044054,0.140609725496424,"Google",0.322933272622964
"G1.5f","News","SPF","Data",0.842061566391481,0.571246204166569,0.134174218004708,0.348040470813836,0.457820757609498,0.774877566539924,-0.265582781358014,0.159340152026757,"Google",0.379417344230616
"G1.5f","News","SPF","Market",0.563082120306441,0.47624140598604,0.0646604300314465,0.286010174932806,0.401499831823847,0.806111092592593,0.328349577902782,0.114833037135431,"Google",-1.96584697388284
"G1.5f","News","PUB","Data",0.901233607888825,0.63772841252002,0.16352416860402,0.396322830933356,0.457820757609498,0.774877566539924,-0.265582781358014,0.18144481871585,"Google",0.876852117655999
"G1.5f","News","PUB","Market",0.757642376464969,0.546017343019467,0.104015588749126,0.341939133062854,0.401499831823847,0.806111092592593,0.328349577902782,0.137288504418728,"Google",-0.330259718639241
"G1.5f","spf1","SPF","Data",0.81781550593416,0.541256020273993,0.127393425150824,0.348040470813836,0.447570986908747,0.772602478612167,-0.308845534919035,0.155772817006333,"Google",0.175590785524051
"G1.5f","spf1","SPF","Market",0.608036190598327,0.442070431103335,0.0782940004989115,0.288692091089988,0.446030100857361,0.756414938679245,-0.616665528306149,0.12876536250559,"Google",-1.58793677838626
"G1.5f","spf1","PUB","Data",0.889806719881086,0.613959003376966,0.157836229981894,0.396322830933356,0.447570986908747,0.772602478612167,-0.308845534919035,0.177382600575311,"Google",0.780791016783852
"G1.5f","spf1","PUB","Market",0.804504265034673,0.579940082161532,0.122126630079826,0.340343808284278,0.446030100857361,0.756414938679245,-0.616665528306149,0.151803583135215,"Google",0.0636887126313279
"G1.5f","spf2","SPF","Data",0.815166413530935,0.504128273472226,0.130086267564729,0.348040470813836,0.458516985015506,0.768785313688213,-0.381432208775476,0.159582467340937,"Google",0.153320966095225
"G1.5f","spf2","SPF","Market",0.627750822189558,0.542165879070903,0.0740098742138365,0.286010174932806,0.412212248490666,0.768674074074074,-0.383547525706308,0.117896897300261,"Google",-1.4222040598491
"G1.5f","spf2","PUB","Data",0.882171131641144,0.546719284539109,0.16030879925765,0.396322830933356,0.458516985015506,0.768785313688213,-0.381432208775476,0.181720749532372,"Google",0.71660179819359
"G1.5f","spf2","PUB","Market",0.831068787915607,0.6796204236364,0.117140391334731,0.341939133062854,0.412212248490666,0.768674074074074,-0.383547525706308,0.140951498886788,"Google",0.287005621868335
"G1.5f","spf3","SPF","Data",0.835401469928786,0.472192474979927,0.13292358596415,0.348040470813836,0.457169308034324,0.763187452471483,-0.487880354068471,0.159113421209902,"Google",0.323428679802664
"G1.5f","spf3","SPF","Market",0.60002751751835,0.506492427232649,0.0702995676100629,0.286010174932806,0.40963777866975,0.783842592592593,-0.095105100890009,0.117160572736421,"Google",-1.65526236625119
"G1.5f","spf3","PUB","Data",0.916491351509979,0.498492529212978,0.166055983414811,0.396322830933356,0.457169308034324,0.763187452471483,-0.487880354068471,0.181186634376007,"Google",1.00511763037305
"G1.5f","spf3","PUB","Market",0.797726923142792,0.613014455463449,0.11173855695318,0.341939133062854,0.40963777866975,0.783842592592593,-0.095105100890009,0.140071186908128,"Google",0.00671441458272338
"G1.5P","0S","SPF","Data",0.874449086513917,0.710981168750361,0.126056085605649,0.348040470813836,0.414189934922178,0.817234980988593,0.53987988248797,0.144154859956667,"Google",0.651685772465209
"G1.5P","0S","SPF","Market",0.674564167748649,0.536347724447011,0.0874062578616352,0.286010174932806,0.453041279706496,0.780677777777778,-0.155286776388855,0.129574415660637,"Google",-1.02866370950449
"G1.5P","0S","PUB","Data",0.906996100537927,0.688823160240336,0.148886065181966,0.396322830933356,0.414189934922178,0.817234980988593,0.53987988248797,0.16415292755246,"Google",0.925294999678247
"G1.5P","0S","PUB","Market",0.818914535832959,0.631597070740651,0.126860132774284,0.341939133062854,0.453041279706496,0.780677777777778,-0.155286776388855,0.154912542424525,"Google",0.184829873357817
"G1.5P","Reas","SPF","Data",0.887872130978873,0.747853522596436,0.124938043755206,0.348040470813836,0.404310043483952,0.833397623574144,0.847226431402684,0.140716257888917,"Google",0.764527731490803
"G1.5P","Reas","SPF","Market",0.562037870493074,0.493571776800127,0.0635137246008708,0.288733997948142,0.391384910338453,0.835801886792453,0.892945564206513,0.113006129898596,"Google",-1.97462554829345
"G1.5P","Reas","PUB","Data",0.920832761610355,0.706026498247233,0.147551756400507,0.396322830933356,0.404310043483952,0.833397623574144,0.847226431402684,0.160237301008348,"Google",1.04161406171087
"G1.5P","Reas","PUB","Market",0.781994914543571,0.59847601220036,0.1053493287373,0.344210224310077,0.391384910338453,0.835801886792453,0.892945564206513,0.134718687779178,"Google",-0.125538046800257
"G1.5P","News","SPF","Data",0.879586321660667,0.746957351658647,0.121138271166395,0.348040470813836,0.395706475001533,0.837410739543726,0.923539282912999,0.137721867863617,"Google",0.69487237439056
"G1.5P","News","SPF","Market",0.5633341389043,0.493073255412303,0.0632507547169811,0.286010174932806,0.392570948601058,0.830366666666667,0.789590179131952,0.112279285682926,"Google",-1.96372835821651
"G1.5P","News","PUB","Data",0.918152602629341,0.738546450092896,0.143991586829622,0.396322830933356,0.395706475001533,0.837410739543726,0.923539282912999,0.156827510391267,"Google",1.0190830784673
"G1.5P","News","PUB","Market",0.773958143694363,0.582922789597205,0.103892557651992,0.341939133062854,0.392570948601058,0.830366666666667,0.789590179131952,0.134235369830308,"Google",-0.193099840939582
"G1.5P","spf1","SPF","Data",0.877865359105322,0.710834657325651,0.129459775676987,0.348040470813836,0.423718270293887,0.798140166920152,0.176775571108229,0.147471106285509,"Google",0.680404957057494
"G1.5P","spf1","SPF","Market",0.626909506541257,0.448490652465316,0.0792501887578616,0.286010174932806,0.441991549499299,0.794434472407407,0.106308602987407,0.126414080391116,"Google",-1.4292766510307
"G1.5P","spf1","PUB","Data",0.908426982341595,0.714881213271548,0.152551438569618,0.396322830933356,0.423718270293887,0.798140166920152,0.176775571108229,0.167929224401058,"Google",0.93732382862845
"G1.5P","spf1","PUB","Market",0.812476944191655,0.570000070730955,0.122793058874913,0.341939133062854,0.441991549499299,0.794434472407407,0.106308602987407,0.151134207256898,"Google",0.130711714537134
"G1.5P","spf2","SPF","Data",0.81588854776638,0.539979658424337,0.128935770666667,0.348040470813836,0.454059572344968,0.775725863117871,-0.249451692378718,0.158031107336472,"Google",0.15939164864565
"G1.5P","spf2","SPF","Market",0.649191415270834,0.513898696847579,0.0825500715408805,0.286010174932806,0.444593595387292,0.778667981481482,-0.193504781422292,0.127158291990725,"Google",-1.24196190001134
"G1.5P","spf2","PUB","Data",0.88241139794921,0.610050970778496,0.158793615238095,0.396322830933356,0.454059572344968,0.775725863117871,-0.249451692378718,0.179954175124147,"Google",0.718621617241411
"G1.5P","spf2","PUB","Market",0.809788704585753,0.614577308134729,0.123107276380154,0.341939133062854,0.444593595387292,0.778667981481482,-0.193504781422292,0.152023948572028,"Google",0.108112800836735
"G1.5P","spf3","SPF","Data",0.852174087427477,0.645586588375883,0.123894728103567,0.348040470813836,0.417729123980103,0.813417131178707,0.467280184936525,0.145386640982686,"Google",0.464429107945513
"G1.5P","spf3","SPF","Market",0.576500759753519,0.500596449940325,0.0652549606918239,0.286010174932806,0.395760243721035,0.824490740740741,0.677854394253169,0.113191456538103,"Google",-1.85304204601274
"G1.5P","spf3","PUB","Data",0.910849966175382,0.658225507239794,0.150796302621764,0.396322830933356,0.417729123980103,0.813417131178707,0.467280184936525,0.165555588979105,"Google",0.957692847237138
"G1.5P","spf3","PUB","Market",0.805267805999261,0.638623044852775,0.108973602375961,0.341939133062854,0.395760243721035,0.824490740740741,0.677854394253169,0.135325914638715,"Google",0.0701074843537455
"L2.70b","0S","SPF","Data",0.817633113934242,0.527626068801642,0.126361902188549,0.348040470813836,0.444045972632593,0.76422571276971,-0.468136941575979,0.154545969378035,"Meta",0.174057491744456
"L2.70b","0S","SPF","Market",0.602998599360842,0.409805876557327,0.075784178701016,0.28870431455198,0.435320351077697,0.685265234150943,-1.96963834988075,0.125678863568414,"Meta",-1.63028571535746
"L2.70b","0S","PUB","Data",0.855696754329143,0.432428209643644,0.150590269880914,0.396322830933356,0.444045972632593,0.76422571276971,-0.468136941575979,0.175985556938305,"Meta",0.494042705309086
"L2.70b","0S","PUB","Market",0.764171389549948,0.439209678475835,0.114836267597968,0.345206785801953,0.435320351077697,0.685265234150943,-1.96963834988075,0.15027553918971,"Meta",-0.275373017717088
"L2.70b","Reas","SPF","Data",0.857066236043667,0.595450823610024,0.130722280966866,0.348040470813836,0.438233409066467,0.765669629277567,-0.440679627386069,0.152522962017845,"Meta",0.505555369214808
"L2.70b","Reas","SPF","Market",0.555401806601992,0.289316090254916,0.0688097012578616,0.286010174932806,0.433172522975634,0.746881481481481,-0.797952415858695,0.123891749072346,"Meta",-2.03041218087473
"L2.70b","Reas","PUB","Data",0.947968565127723,0.616959279161672,0.164644986547166,0.396322830933356,0.438233409066467,0.765669629277567,-0.440679627386069,0.173681905290797,"Meta",1.26973348995442
"L2.70b","Reas","PUB","Market",0.725881152443408,0.265927259881364,0.107516526904263,0.341939133062854,0.433172522975634,0.746881481481481,-0.797952415858695,0.148118636972938,"Meta",-0.597263135710581
"L3.8b","0S","SPF","Data",0.816528132945873,0.476941581306008,0.128517806985334,0.348040470813836,0.452233162311581,0.795813930608365,0.132540187036382,0.157395442728552,"Meta",0.164768375572705
"L3.8b","0S","SPF","Market",0.616283750645376,0.462889743483743,0.0749438010220126,0.286010174932806,0.425180673369555,0.822491869814815,0.63984414453333,0.121605998768475,"Meta",-1.51860296702029
"L3.8b","0S","PUB","Data",0.879197425217247,0.439524673258836,0.157578842132899,0.396322830933356,0.452233162311581,0.795813930608365,0.132540187036382,0.17923032712927,"Meta",0.691603083534219
"L3.8b","0S","PUB","Market",0.784395950110454,0.514428585690422,0.114040119671558,0.341939133062854,0.425180673369555,0.822491869814815,0.63984414453333,0.145385910847066,"Meta",-0.10535353815435
"L3.8b","Reas","SPF","Data",0.842375900716022,0.507695320847154,0.130530040137606,0.348040470813836,0.445220128161755,0.769536501901141,-0.367147718871879,0.154954623021213,"Meta",0.382059822325868
"L3.8b","Reas","SPF","Market",0.545546700418083,0.323178857861863,0.0665772169811321,0.286010174932806,0.426689759595184,0.790096296296296,0.0238144533286019,0.122037612783856,"Meta",-2.11325996485554
"L3.8b","Reas","PUB","Data",0.93001515551,0.512784483863885,0.164102012674271,0.396322830933356,0.445220128161755,0.769536501901141,-0.367147718871879,0.176450901581578,"Meta",1.11880663295548
"L3.8b","Reas","PUB","Market",0.736222987528127,0.368566075959142,0.107416352201258,0.341939133062854,0.426689759595184,0.790096296296296,0.0238144533286019,0.145901926482775,"Meta",-0.510323624042712
"L3.70b","0S","SPF","Data",0.877787333692592,0.703779114613243,0.129385110671736,0.348040470813836,0.423511535855965,0.800913117870723,0.229505618218809,0.147399154334401,"Meta",0.67974902982361
"L3.70b","0S","SPF","Market",0.648972443659254,0.470373870220753,0.0827983962264151,0.286010174932806,0.446081471533265,0.778018518518519,-0.205854878212345,0.127583839707513,"Meta",-1.24380270339139
"L3.70b","0S","PUB","Data",0.918165588053253,0.724916204403077,0.154111606481984,0.396322830933356,0.423511535855965,0.800913117870723,0.229505618218809,0.167847290823369,"Meta",1.01919224153212
"L3.70b","0S","PUB","Market",0.817768704410268,0.574893312100328,0.124736477987421,0.341939133062854,0.446081471533265,0.778018518518519,-0.205854878212345,0.152532711651487,"Meta",0.17519734455355
"L3.70b","Reas","SPF","Data",0.893297554217277,0.744942475762432,0.128606909827992,0.348040470813836,0.413655126236684,0.802240114068441,0.254739592157969,0.143968724889972,"Meta",0.810137010992396
"L3.70b","Reas","SPF","Market",0.603526470228388,0.453617038389645,0.0727123742138365,0.286010174932806,0.421240887610437,0.77612962962963,-0.241773724911482,0.120479179954312,"Meta",-1.625848124246
"L3.70b","Reas","PUB","Data",0.953364452165574,0.778998190414838,0.15629549368097,0.396322830933356,0.413655126236684,0.802240114068441,0.254739592157969,0.163940970660217,"Meta",1.315094470887
"L3.70b","Reas","PUB","Market",0.805087321929714,0.577025338607528,0.115963766596785,0.341939133062854,0.421240887610437,0.77612962962963,-0.241773724911482,0.14403874392014,"Meta",0.0685902297522494
"ML","0S","SPF","Data",0.883845341351083,0.727541894211474,0.130520834053956,0.348040470813836,0.424300765919844,0.816612357414449,0.528040159758636,0.147673838337414,"Mistral",0.730676183775973
"ML","0S","SPF","Market",0.675882773161557,0.58946824287043,0.0811619976415094,0.286010174932806,0.419855519473907,0.782441314814815,-0.12175160295743,0.120082950571236,"Mistral",-1.01757874153297
"ML","0S","PUB","Data",0.89675003401473,0.691173176201739,0.150797558102481,0.396322830933356,0.424300765919844,0.816612357414449,0.528040159758636,0.168160080716544,"Mistral",0.839160574525842
"ML","0S","PUB","Market",0.813131342361911,0.646629223051683,0.116737227463312,0.341939133062854,0.419855519473907,0.782441314814815,-0.12175160295743,0.143565032340562,"Mistral",0.136212968124363
"ML","Reas","SPF","Data",0.912095955544484,0.810833661862176,0.127177201042911,0.348040470813836,0.400625865607019,0.830038403041825,0.783347963993228,0.139434014886067,"Mistral",0.968167362292317
"ML","Reas","SPF","Market",0.608996728537665,0.518448077985971,0.0705210298742138,0.286010174932806,0.40487615761476,0.790138888888889,0.0246243881071129,0.11579870066552,"Mistral",-1.57986193492759
"ML","Reas","PUB","Data",0.945059795607155,0.771148197559961,0.150053926634076,0.396322830933356,0.400625865607019,0.830038403041825,0.783347963993228,0.1587771772025,"Mistral",1.24528067286723
"ML","Reas","PUB","Market",0.810303901760595,0.628170808137237,0.112180904961565,0.341939133062854,0.40487615761476,0.790138888888889,0.0246243881071129,0.13844300233261,"Mistral",0.112443849478144
"ML","News","SPF","Data",0.884331963052736,0.711747953877161,0.128793826108999,0.348040470813836,0.418456169527562,0.79698288973384,0.154768950132237,0.145639682257327,"Mistral",0.734767010284237
"ML","News","SPF","Market",0.633231962113197,0.540932043301365,0.0742375,0.286010174932806,0.409901046503334,0.788148148148148,-0.0132312591493307,0.117235870015559,"Mistral",-1.37612639331886
"ML","News","PUB","Data",0.947589394178003,0.758081932195606,0.157151763172189,0.396322830933356,0.418456169527562,0.79698288973384,0.154768950132237,0.165843733728692,"Mistral",1.26654595728374
"ML","News","PUB","Market",0.821919695959846,0.646398168425444,0.115201257861635,0.341939133062854,0.409901046503334,0.788148148148148,-0.0132312591493307,0.140161208482907,"Mistral",0.210093006232684
"ML","spf1","SPF","Data",0.849740666661651,0.610077962017012,0.126959044761905,0.348040470813836,0.429286761301314,0.790302982319392,0.0277447658112931,0.149409166517456,"Mistral",0.443972350384564
"ML","spf1","SPF","Market",0.65176836899857,0.513516318533623,0.0814207710691824,0.286010174932806,0.436777690320494,0.799381050740741,0.200372044138138,0.124922863615311,"Mistral",-1.2202985204617
"ML","spf1","PUB","Data",0.892423403446665,0.535852418135702,0.151833477142857,0.396322830933356,0.429286761301314,0.790302982319392,0.0277447658112931,0.170136144521149,"Mistral",0.802788388576884
"ML","spf1","PUB","Market",0.813976521226565,0.606449372860318,0.121568520614955,0.341939133062854,0.436777690320494,0.799381050740741,0.200372044138138,0.149351384769385,"Mistral",0.143318035761114
"ML","spf2","SPF","Data",0.837346264444907,0.56527830207022,0.129168401257288,0.348040470813836,0.4432221433539,0.790194080038023,0.0256738952732306,0.154259243448009,"Mistral",0.339777759452534
"ML","spf2","SPF","Market",0.623196951891923,0.492732849505173,0.0764695990566038,0.286010174932806,0.429024416188094,0.770701851851852,-0.344987587338118,0.122705348324402,"Mistral",-1.46048655581156
"ML","spf2","PUB","Data",0.903740142143689,0.608048045214177,0.15875013896071,0.396322830933356,0.4432221433539,0.790194080038023,0.0256738952732306,0.175659054586367,"Mistral",0.897923509948711
"ML","spf2","PUB","Market",0.797838038957219,0.585441818044883,0.117043029350105,0.341939133062854,0.429024416188094,0.770701851851852,-0.344987587338118,0.146700236934154,"Mistral",0.00764851907827892
"ML","spf3","SPF","Data",0.829010386626271,0.48547572927493,0.129246766503712,0.348040470813836,0.447950439888223,0.765080608365019,-0.451880366606271,0.155904881999962,"Mistral",0.269701497267104
"ML","spf3","SPF","Market",0.652631918717196,0.621124645996671,0.0726246855345912,0.286010174932806,0.389076025653913,0.796111111111111,0.138191329876439,0.111279702159437,"Mistral",-1.21303901668667
"ML","spf3","PUB","Data",0.927768577738297,0.592301175704024,0.164709526344378,0.396322830933356,0.447950439888223,0.765080608365019,-0.451880366606271,0.177532986454343,"Mistral",1.09992058683352
"ML","spf3","PUB","Market",0.845020020824324,0.731593974190267,0.112421733053809,0.341939133062854,0.389076025653913,0.796111111111111,0.138191329876439,0.13304031890764,"Mistral",0.404287841736716
"M22B","0S","SPF","Data",0.870112701746699,0.692293590230833,0.130071665793953,0.348040470813836,0.429514120682912,0.804934980988593,0.305984804276536,0.149488296783671,"Mistral",0.615231587015762
"M22B","0S","SPF","Market",0.630869168052459,0.419972400791601,0.0834751493710692,0.286010174932806,0.462632797713927,0.762587037037037,-0.499297769922052,0.132317687403814,"Mistral",-1.39598942150772
"M22B","0S","PUB","Data",0.893273330353758,0.674922823320174,0.15205857124751,0.396322830933356,0.429514120682912,0.804934980988593,0.305984804276536,0.170226252234903,"Mistral",0.809933371034132
"M22B","0S","PUB","Market",0.794272192308949,0.516101012915564,0.125647711390636,0.341939133062854,0.462632797713927,0.762587037037037,-0.499297769922052,0.158192257776743,"Mistral",-0.0223280724785948
"M22B","Reas","SPF","Data",0.882015319511228,0.710626651531251,0.128347424841572,0.348040470813836,0.418101074427516,0.812965769961977,0.458697163221998,0.145516094791523,"Mistral",0.715291950340108
"M22B","Reas","SPF","Market",0.64818971255181,0.574584944629491,0.0755203459119497,0.286010174932806,0.407361848669243,0.800322222222222,0.218269229282162,0.116509633598841,"Mistral",-1.25038279867342
"M22B","Reas","PUB","Data",0.934176513767712,0.739039235637824,0.154795852199891,0.396322830933356,0.418101074427516,0.812965769961977,0.458697163221998,0.165703001433391,"Mistral",1.15378944324368
"M22B","Reas","PUB","Market",0.816003616361413,0.63618214308743,0.11366355695318,0.341939133062854,0.407361848669243,0.800322222222222,0.218269229282162,0.139292957376842,"Mistral",0.160358982525813
"M22B","News","SPF","Data",0.869919745131555,0.659410179279739,0.129680356197719,0.348040470813836,0.428316947582578,0.798122804182509,0.176445403719701,0.149071632094185,"Mistral",0.613609480904391
"M22B","News","SPF","Market",0.628504452791662,0.645446256881544,0.066437248427673,0.286010174932806,0.369591347032824,0.836525925925926,0.906713791015605,0.105706885818509,"Mistral",-1.41586860042742
"M22B","News","PUB","Data",0.938429631170959,0.731907630682542,0.159300105178345,0.396322830933356,0.428316947582578,0.798122804182509,0.176445403719701,0.169751785202661,"Mistral",1.1895436345526
"M22B","News","PUB","Market",0.827455639520857,0.727809114254188,0.104571977638015,0.341939133062854,0.369591347032824,0.836525925925926,0.906713791015605,0.126377744791936,"Mistral",0.25663138417746
"M22B","spf1","SPF","Data",0.853121485832649,0.59147775614719,0.13098695131052,0.348040470813836,0.441151141066994,0.788775736787072,-0.00129712144317151,0.153538450837018,"Mistral",0.472393492798473
"M22B","spf1","SPF","Market",0.566532172079319,0.435280721623825,0.0687193213050314,0.286010174932806,0.424104421767262,0.819370501666667,0.58048864476603,0.121298179859431,"Mistral",-1.93684382174342
"M22B","spf1","PUB","Data",0.912321409339347,0.600590933232638,0.159508696069165,0.396322830933356,0.441151141066994,0.788775736787072,-0.00129712144317151,0.174838269097152,"Mistral",0.970062658694598
"M22B","spf1","PUB","Market",0.750734362673452,0.50898121395562,0.108869919461915,0.341939133062854,0.424104421767262,0.819370501666667,0.58048864476603,0.145017898307221,"Mistral",-0.388332521068362
"M22B","spf2","SPF","Data",0.83200199182808,0.518351177684387,0.128386678080753,0.348040470813836,0.443369535073781,0.767320532319392,-0.40928628624077,0.15431054173159,"Mistral",0.294850679517424
"M22B","spf2","SPF","Market",0.663911682423278,0.637950348943908,0.0745976257861635,0.286010174932806,0.39285583780084,0.804266666666667,0.293276232683299,0.112360766892792,"Mistral",-1.11821472870468
"M22B","spf2","PUB","Data",0.912382489185686,0.556740600512242,0.160321542024262,0.396322830933356,0.443369535073781,0.767320532319392,-0.40928628624077,0.175717469290047,"Mistral",0.97057613159084
"M22B","spf2","PUB","Market",0.831728249390219,0.700560279335313,0.111728371767994,0.341939133062854,0.39285583780084,0.804266666666667,0.293276232683299,0.134332784596301,"Mistral",0.29254944055205
"M22B","spf3","SPF","Data",0.847605119746469,0.542604822079513,0.130146500307804,0.348040470813836,0.441173253883393,0.789097148288973,0.00481479468489501,0.153546146992048,"Mistral",0.426019694552326
"M22B","spf3","SPF","Market",0.635535041600989,0.605256986142263,0.0706912264150943,0.286010174932806,0.388905899598011,0.824511111111111,0.678241754364631,0.111231044376427,"Mistral",-1.35676536073995
"M22B","spf3","PUB","Data",0.928200486619191,0.54009111734417,0.162293101032048,0.396322830933356,0.441173253883393,0.789097148288973,0.00481479468489501,0.174847032911146,"Mistral",1.10355146538479
"M22B","spf3","PUB","Market",0.790848742829385,0.617133091116484,0.105168763102725,0.341939133062854,0.388905899598011,0.824511111111111,0.678241754364631,0.132982146151573,"Mistral",-0.05110759018843
"M7B","0S","SPF","Data",0.808131306934976,0.544960749950921,0.129307934826,0.348040470813836,0.459741275675023,0.778040923098859,-0.205428835848841,0.160008570038488,"Mistral",0.0941797472521778
"M7B","0S","SPF","Market",0.58058432692545,0.446257906014147,0.0716738128930818,0.286010174932806,0.431632082180617,0.810168518518519,0.405505021340306,0.12345116733109,"Mistral",-1.81871319306912
"M7B","0S","PUB","Data",0.853144418342303,0.562631541258262,0.155448001066449,0.396322830933356,0.459741275675023,0.778040923098859,-0.205428835848841,0.182205963872438,"Mistral",0.472586276881209
"M7B","0S","PUB","Market",0.767537159275585,0.541903358788699,0.113282267645003,0.341939133062854,0.431632082180617,0.810168518518519,0.405505021340306,0.147591899982955,"Mistral",-0.247078389738955
"M7B","Reas","SPF","Data",0.820535973035913,0.486814322377818,0.126408009393446,0.348040470813836,0.442636495937422,0.789094866920152,0.0047714124947416,0.154055414445447,"Mistral",0.198460622395108
"M7B","Reas","SPF","Market",0.495817028363964,0.575403555385896,0.0419642021780303,0.248527806866726,0.340551302146886,0.816912121212121,0.533740426173398,0.0846364682481734,"Mistral",-2.53131666063254
"M7B","Reas","PUB","Data",0.90549834176842,0.517764040974733,0.158848811551693,0.396322830933356,0.442636495937422,0.789094866920152,0.0047714124947416,0.17542694914434,"Mistral",0.912703963856217
"M7B","Reas","PUB","Market",0.717776130946087,0.557417988088112,0.0765062973484849,0.312986515224093,0.340551302146886,0.816912121212121,0.533740426173398,0.106587965313981,"Mistral",-0.665398684698
"M7B","News","SPF","Data",0.806790899825305,0.346218116333358,0.139878362636248,0.348040470813836,0.498149617911221,0.710262547528517,-1.49429293788698,0.173376227553554,"Mistral",0.0829115014721699
"M7B","News","SPF","Market",0.472954171413064,0.487299897414909,0.0403271977240398,0.249218008575552,0.342136621825712,0.779884210526316,-0.170377140156882,0.0852666075521708,"Mistral",-2.72351520202879
"M7B","News","PUB","Data",0.887188274240522,0.401002331814329,0.175155865869998,0.396322830933356,0.498149617911221,0.710262547528517,-1.49429293788698,0.197428066798945,"Mistral",0.758778831958375
"M7B","News","PUB","Market",0.746552046941112,0.609890794834357,0.078477027027027,0.307243630769864,0.342136621825712,0.779884210526316,-0.170377140156882,0.105119297909068,"Mistral",-0.423491512140236
"M7B","spf1","SPF","Data",0.485862661585586,0.0561424720658572,0.13189333744704,0.348040470813836,0.779973029225389,0.326883454372624,-8.78457610685661,0.271462180313698,"Mistral",-2.61499888719925
"M7B","spf1","SPF","Market",0.597656970162006,0.397483890860368,0.0655277213205645,0.238689022254393,0.459346732737935,0.7861871296875,-0.0505217116881402,0.109641022512968,"Mistral",-1.67519057317557
"M7B","spf1","PUB","Data",0.595015494846022,0.182072773731688,0.183931855585732,0.396322830933356,0.779973029225389,0.326883454372624,-8.78457610685661,0.309121118994271,"Mistral",-1.69739635891602
"M7B","spf1","PUB","Market",0.787670541163923,0.418810753011495,0.116330566532258,0.321520455376958,0.459346732737935,0.7861871296875,-0.0505217116881402,0.147689370685819,"Mistral",-0.0778254113984754
"M7B","spf2","SPF","Data",0.785838064892643,0.475396339319288,0.126573047072856,0.348040470813836,0.462784096624088,0.750789603477175,-0.723636115058486,0.161067594874203,"Mistral",-0.0932302782197826
"M7B","spf2","SPF","Market",0.550293740423854,0.432207635542219,0.0500300910665761,0.244144067374282,0.372383599131787,0.781540219576823,-0.138886703865241,0.0909152465155087,"Mistral",-2.07335357139744
"M7B","spf2","PUB","Data",0.848694564434431,0.501340691609337,0.155660685370548,0.396322830933356,0.462784096624088,0.750789603477175,-0.723636115058486,0.183411903284994,"Mistral",0.435178203500173
"M7B","spf2","PUB","Market",0.660489654622375,0.291555733146337,0.081903886888587,0.333002847944474,0.372383599131787,0.781540219576823,-0.138886703865241,0.124004799038699,"Mistral",-1.14698229495257
"M7B","spf3","SPF","Data",0.819212262345497,0.423143447621044,0.128375584674995,0.348040470813836,0.45025261382837,0.751031558935361,-0.719035123935223,0.156706131701986,"Mistral",0.187332736476262
"M7B","spf3","SPF","Market",0.547683684245165,0.638546927972747,0.047279086059744,0.240759352167505,0.358555264453251,0.785136842105263,-0.0704938333297499,0.0863255331860131,"Mistral",-2.09529522950183
"M7B","spf3","PUB","Data",0.924199697448068,0.505300337556746,0.164919175955097,0.396322830933356,0.45025261382837,0.751031558935361,-0.719035123935223,0.178445390547603,"Mistral",1.06991849270885
"M7B","spf3","PUB","Market",0.803804055436643,0.707527923113251,0.0926305120910384,0.321401403263761,0.358555264453251,0.785136842105263,-0.0704938333297499,0.115240165142884,"Mistral",0.0578023414003828
