id,resolution_date,source,Type,resolved_to,resolved,SPF_forecast,SPF_bs,Pub_forecast,Pub_bs,L3.8b_0S,L3.8b_Reas,BS L3.8b_0S,BS L3.8b_Reas
45db5d06a001a6fa62eb9b23236adab43c56970d70a833ca206fa42a57f4b7e6,2024-07-28,acled,Data,0.0,True,0.0,0.0,0.05,0.0025,0.0001,0.35,1e-08,0.12249999999999998
45db5d06a001a6fa62eb9b23236adab43c56970d70a833ca206fa42a57f4b7e6,2024-08-20,acled,Data,0.0,True,0.0,0.0,0.07,0.0049,0.0001,0.35,1e-08,0.12249999999999998
45db5d06a001a6fa62eb9b23236adab43c56970d70a833ca206fa42a57f4b7e6,2024-10-19,acled,Data,0.0,True,0.0,0.0,0.08,0.0064,0.0001,0.35,1e-08,0.12249999999999998
45db5d06a001a6fa62eb9b23236adab43c56970d70a833ca206fa42a57f4b7e6,2025-01-17,acled,Data,0.0,True,0.0,0.0,0.08,0.0064,0.0001,0.35,1e-08,0.12249999999999998
45db5d06a001a6fa62eb9b23236adab43c56970d70a833ca206fa42a57f4b7e6,2025-07-21,acled,Data,0.0,True,0.0,0.0,0.09,0.0081,0.0001,0.35,1e-08,0.12249999999999998
5713f8a61c04fa270a3a9e1791e4d9b5fa8e0d1cc1c1c232aef84d80c5b89c09,2024-07-28,acled,Data,0.0,True,0.055,0.003025,0.1,0.01,0.512,0.65,0.262144,0.42250000000000004
5713f8a61c04fa270a3a9e1791e4d9b5fa8e0d1cc1c1c232aef84d80c5b89c09,2024-08-20,acled,Data,1.0,True,0.155,0.7140249999999999,0.1,0.81,0.512,0.65,0.238144,0.12249999999999998
5713f8a61c04fa270a3a9e1791e4d9b5fa8e0d1cc1c1c232aef84d80c5b89c09,2024-10-19,acled,Data,1.0,True,0.16,0.7055999999999999,0.15,0.7224999999999999,0.512,0.65,0.238144,0.12249999999999998
5713f8a61c04fa270a3a9e1791e4d9b5fa8e0d1cc1c1c232aef84d80c5b89c09,2025-01-17,acled,Data,1.0,True,0.35,0.4225,0.18,0.6724000000000001,0.512,0.65,0.238144,0.12249999999999998
5713f8a61c04fa270a3a9e1791e4d9b5fa8e0d1cc1c1c232aef84d80c5b89c09,2025-07-21,acled,Data,0.0,True,0.16,0.0256,0.16,0.0256,0.512,0.65,0.262144,0.42250000000000004
ccda7990a2565cabd7c375a036751bd3b953b8bed45d859010919cd3a84d7e78,2024-07-28,acled,Data,0.0,True,0.0,0.0,0.05,0.0025,0.0005,0.2,2.5e-07,0.04000000000000001
ccda7990a2565cabd7c375a036751bd3b953b8bed45d859010919cd3a84d7e78,2024-08-20,acled,Data,0.0,True,0.0,0.0,0.07,0.0049,0.0005,0.2,2.5e-07,0.04000000000000001
ccda7990a2565cabd7c375a036751bd3b953b8bed45d859010919cd3a84d7e78,2024-10-19,acled,Data,0.0,True,0.005,2.5e-05,0.1,0.01,0.0005,0.2,2.5e-07,0.04000000000000001
ccda7990a2565cabd7c375a036751bd3b953b8bed45d859010919cd3a84d7e78,2025-01-17,acled,Data,0.0,True,0.01,0.0001,0.1,0.01,0.0005,0.2,2.5e-07,0.04000000000000001
ccda7990a2565cabd7c375a036751bd3b953b8bed45d859010919cd3a84d7e78,2025-07-21,acled,Data,0.0,True,0.02,0.0004,0.12,0.0144,0.0005,0.2,2.5e-07,0.04000000000000001
4204aec5ff81b3d331f27141b072979d838ed95bcd0de36e887ca9a70523060a,2024-07-28,acled,Data,0.0,True,0.0,0.0,0.25,0.0625,0.0001,0.55,1e-08,0.30250000000000005
4204aec5ff81b3d331f27141b072979d838ed95bcd0de36e887ca9a70523060a,2024-08-20,acled,Data,0.0,True,0.0,0.0,0.24,0.0576,0.0001,0.55,1e-08,0.30250000000000005
4204aec5ff81b3d331f27141b072979d838ed95bcd0de36e887ca9a70523060a,2024-10-19,acled,Data,0.0,True,0.002,4e-06,0.2,0.04,0.0001,0.55,1e-08,0.30250000000000005
4204aec5ff81b3d331f27141b072979d838ed95bcd0de36e887ca9a70523060a,2025-01-17,acled,Data,0.0,True,0.01,0.0001,0.25,0.0625,0.0001,0.55,1e-08,0.30250000000000005
4204aec5ff81b3d331f27141b072979d838ed95bcd0de36e887ca9a70523060a,2025-07-21,acled,Data,0.0,True,0.015,0.000225,0.3,0.09,0.0001,0.55,1e-08,0.30250000000000005
9043472375a02690dfb338bd3d11605105562e5cae9672a989961b0c5bef9b51,2024-07-28,acled,Data,0.0,True,0.003,9e-06,0.2,0.04,0.0001,0.35,1e-08,0.12249999999999998
9043472375a02690dfb338bd3d11605105562e5cae9672a989961b0c5bef9b51,2024-08-20,acled,Data,0.0,True,0.01,0.0001,0.15,0.0225,0.0001,0.35,1e-08,0.12249999999999998
9043472375a02690dfb338bd3d11605105562e5cae9672a989961b0c5bef9b51,2024-10-19,acled,Data,0.0,True,0.015,0.000225,0.15,0.0225,0.0001,0.35,1e-08,0.12249999999999998
9043472375a02690dfb338bd3d11605105562e5cae9672a989961b0c5bef9b51,2025-01-17,acled,Data,0.0,True,0.025,0.000625,0.2,0.04,0.0001,0.35,1e-08,0.12249999999999998
9043472375a02690dfb338bd3d11605105562e5cae9672a989961b0c5bef9b51,2025-07-21,acled,Data,0.0,True,0.03,0.0009,0.2,0.04,0.0001,0.35,1e-08,0.12249999999999998
3527af895c3fba5850bad3c91193244d88ef272e0bc7251e828b9b2029236ad9,2024-07-28,acled,Data,0.0,True,0.05,0.0025,0.1,0.01,0.51,0.55,0.2601,0.30250000000000005
3527af895c3fba5850bad3c91193244d88ef272e0bc7251e828b9b2029236ad9,2024-08-20,acled,Data,0.0,True,0.115,0.013225,0.1,0.01,0.51,0.55,0.2601,0.30250000000000005
3527af895c3fba5850bad3c91193244d88ef272e0bc7251e828b9b2029236ad9,2024-10-19,acled,Data,0.0,True,0.4,0.16,0.15,0.0225,0.51,0.55,0.2601,0.30250000000000005
3527af895c3fba5850bad3c91193244d88ef272e0bc7251e828b9b2029236ad9,2025-01-17,acled,Data,0.0,True,0.415,0.172225,0.3,0.09,0.51,0.55,0.2601,0.30250000000000005
3527af895c3fba5850bad3c91193244d88ef272e0bc7251e828b9b2029236ad9,2025-07-21,acled,Data,1.0,True,0.435,0.3192249999999999,0.3,0.4899999999999999,0.51,0.55,0.24009999999999998,0.20249999999999996
4d0226bb7d28b3509344cecbac6e7003dbb7cb5ac9ffc68518218fb163925931,2024-07-28,acled,Data,0.0,True,0.01,0.0001,0.3,0.09,0.012,0.65,0.000144,0.42250000000000004
4d0226bb7d28b3509344cecbac6e7003dbb7cb5ac9ffc68518218fb163925931,2024-08-20,acled,Data,0.0,True,0.01,0.0001,0.35,0.1224999999999999,0.012,0.65,0.000144,0.42250000000000004
4d0226bb7d28b3509344cecbac6e7003dbb7cb5ac9ffc68518218fb163925931,2024-10-19,acled,Data,0.0,True,0.01,0.0001,0.3,0.09,0.012,0.65,0.000144,0.42250000000000004
4d0226bb7d28b3509344cecbac6e7003dbb7cb5ac9ffc68518218fb163925931,2025-01-17,acled,Data,0.0,True,0.05,0.0025,0.4,0.16,0.012,0.65,0.000144,0.42250000000000004
4d0226bb7d28b3509344cecbac6e7003dbb7cb5ac9ffc68518218fb163925931,2025-07-21,acled,Data,0.0,True,0.03,0.0009,0.4,0.16,0.012,0.65,0.000144,0.42250000000000004
b48c0a80ed5a62b128815b699b93d3d167bf2a3265058028871320c0a5c85913,2024-07-28,acled,Data,0.0,True,0.001,1e-06,0.05,0.0025,0.51,0.25,0.2601,0.0625
b48c0a80ed5a62b128815b699b93d3d167bf2a3265058028871320c0a5c85913,2024-08-20,acled,Data,0.0,True,0.001,1e-06,0.05,0.0025,0.51,0.25,0.2601,0.0625
b48c0a80ed5a62b128815b699b93d3d167bf2a3265058028871320c0a5c85913,2024-10-19,acled,Data,0.0,True,0.001,1e-06,0.055,0.003025,0.51,0.25,0.2601,0.0625
b48c0a80ed5a62b128815b699b93d3d167bf2a3265058028871320c0a5c85913,2025-01-17,acled,Data,0.0,True,0.001,1e-06,0.065,0.004225,0.51,0.25,0.2601,0.0625
b48c0a80ed5a62b128815b699b93d3d167bf2a3265058028871320c0a5c85913,2025-07-21,acled,Data,0.0,True,0.001,1e-06,0.08,0.0064,0.51,0.25,0.2601,0.0625
ac7b7ca153f613fa81d9c0eff4f0aa25bb62bba04da7610ae4eec7e1586425bb,2024-07-28,acled,Data,0.0,True,0.0,0.0,0.1,0.01,0.0001,0.3,1e-08,0.09
ac7b7ca153f613fa81d9c0eff4f0aa25bb62bba04da7610ae4eec7e1586425bb,2024-08-20,acled,Data,0.0,True,0.001,1e-06,0.1,0.01,0.0001,0.3,1e-08,0.09
ac7b7ca153f613fa81d9c0eff4f0aa25bb62bba04da7610ae4eec7e1586425bb,2024-10-19,acled,Data,0.0,True,0.001,1e-06,0.15,0.0225,0.0001,0.3,1e-08,0.09
ac7b7ca153f613fa81d9c0eff4f0aa25bb62bba04da7610ae4eec7e1586425bb,2025-01-17,acled,Data,0.0,True,0.001,1e-06,0.2,0.04,0.0001,0.3,1e-08,0.09
ac7b7ca153f613fa81d9c0eff4f0aa25bb62bba04da7610ae4eec7e1586425bb,2025-07-21,acled,Data,0.0,True,0.002,4e-06,0.2,0.04,0.0001,0.3,1e-08,0.09
9d683eff8747219752163f7d11d94ff96bbf3b3386a147b59c4829ddb5dac130,2024-07-28,acled,Data,0.0,True,0.0,0.0,0.075,0.005625,0.0001,0.15,1e-08,0.0225
9d683eff8747219752163f7d11d94ff96bbf3b3386a147b59c4829ddb5dac130,2024-08-20,acled,Data,0.0,True,0.0,0.0,0.1,0.01,0.0001,0.15,1e-08,0.0225
9d683eff8747219752163f7d11d94ff96bbf3b3386a147b59c4829ddb5dac130,2024-10-19,acled,Data,0.0,True,0.0,0.0,0.125,0.015625,0.0001,0.15,1e-08,0.0225
9d683eff8747219752163f7d11d94ff96bbf3b3386a147b59c4829ddb5dac130,2025-01-17,acled,Data,0.0,True,0.0,0.0,0.125,0.015625,0.0001,0.15,1e-08,0.0225
9d683eff8747219752163f7d11d94ff96bbf3b3386a147b59c4829ddb5dac130,2025-07-21,acled,Data,0.0,True,0.0,0.0,0.1,0.01,0.0001,0.15,1e-08,0.0225
f29228009a407cdf130062251d274b898fc8e925f21b5d9c16376e35fd5a9fbd,2024-07-28,acled,Data,0.0,True,0.0,0.0,0.3,0.09,0.0001,0.65,1e-08,0.42250000000000004
f29228009a407cdf130062251d274b898fc8e925f21b5d9c16376e35fd5a9fbd,2024-08-20,acled,Data,0.0,True,0.0055,3.0250000000000007e-05,0.375,0.140625,0.0001,0.65,1e-08,0.42250000000000004
f29228009a407cdf130062251d274b898fc8e925f21b5d9c16376e35fd5a9fbd,2024-10-19,acled,Data,0.0,True,0.01,0.0001,0.475,0.225625,0.0001,0.65,1e-08,0.42250000000000004
f29228009a407cdf130062251d274b898fc8e925f21b5d9c16376e35fd5a9fbd,2025-01-17,acled,Data,0.0,True,0.0175,0.00030625,0.375,0.140625,0.0001,0.65,1e-08,0.42250000000000004
f29228009a407cdf130062251d274b898fc8e925f21b5d9c16376e35fd5a9fbd,2025-07-21,acled,Data,0.0,True,0.025,0.000625,0.4,0.16,0.0001,0.65,1e-08,0.42250000000000004
1f7b3ef2436775c7530d7858dc141a4cf7a5692745e9f476e1bbd534d183f3f2,2024-07-28,acled,Data,0.0,True,0.0,0.0,0.05,0.0025,0.0005,0.55,2.5e-07,0.30250000000000005
1f7b3ef2436775c7530d7858dc141a4cf7a5692745e9f476e1bbd534d183f3f2,2024-08-20,acled,Data,0.0,True,0.01,0.0001,0.11,0.0121,0.0005,0.55,2.5e-07,0.30250000000000005
1f7b3ef2436775c7530d7858dc141a4cf7a5692745e9f476e1bbd534d183f3f2,2024-10-19,acled,Data,0.0,True,0.02,0.0004,0.12,0.0144,0.0005,0.55,2.5e-07,0.30250000000000005
1f7b3ef2436775c7530d7858dc141a4cf7a5692745e9f476e1bbd534d183f3f2,2025-01-17,acled,Data,0.0,True,0.03,0.0009,0.18,0.0324,0.0005,0.55,2.5e-07,0.30250000000000005
1f7b3ef2436775c7530d7858dc141a4cf7a5692745e9f476e1bbd534d183f3f2,2025-07-21,acled,Data,0.0,True,0.03,0.0009,0.2,0.04,0.0005,0.55,2.5e-07,0.30250000000000005
0c20162bae6257b7fcaa67c009a710e82f0faad0ce168d775b2bc3524121f83a,2024-07-28,acled,Data,0.0,True,0.0,0.0,0.1,0.01,0.51,0.55,0.2601,0.30250000000000005
0c20162bae6257b7fcaa67c009a710e82f0faad0ce168d775b2bc3524121f83a,2024-08-20,acled,Data,0.0,True,0.0,0.0,0.05,0.0025,0.51,0.55,0.2601,0.30250000000000005
0c20162bae6257b7fcaa67c009a710e82f0faad0ce168d775b2bc3524121f83a,2024-10-19,acled,Data,0.0,True,0.01,0.0001,0.1,0.01,0.51,0.55,0.2601,0.30250000000000005
0c20162bae6257b7fcaa67c009a710e82f0faad0ce168d775b2bc3524121f83a,2025-01-17,acled,Data,0.0,True,0.01,0.0001,0.1,0.01,0.51,0.55,0.2601,0.30250000000000005
0c20162bae6257b7fcaa67c009a710e82f0faad0ce168d775b2bc3524121f83a,2025-07-21,acled,Data,0.0,True,0.025,0.000625,0.1,0.01,0.51,0.55,0.2601,0.30250000000000005
fa23cf1ab8ae4be34faeccb0c0453b19974158a7a1cb10657339b11a869ce089,2024-07-28,acled,Data,0.0,True,0.0,0.0,0.225,0.050625,0.0001,0.25,1e-08,0.0625
fa23cf1ab8ae4be34faeccb0c0453b19974158a7a1cb10657339b11a869ce089,2024-08-20,acled,Data,0.0,True,0.0055,3.0250000000000007e-05,0.175,0.0306249999999999,0.0001,0.25,1e-08,0.0625
fa23cf1ab8ae4be34faeccb0c0453b19974158a7a1cb10657339b11a869ce089,2024-10-19,acled,Data,0.0,True,0.02,0.0004,0.21,0.0440999999999999,0.0001,0.25,1e-08,0.0625
fa23cf1ab8ae4be34faeccb0c0453b19974158a7a1cb10657339b11a869ce089,2025-01-17,acled,Data,0.0,True,0.025,0.000625,0.275,0.075625,0.0001,0.25,1e-08,0.0625
fa23cf1ab8ae4be34faeccb0c0453b19974158a7a1cb10657339b11a869ce089,2025-07-21,acled,Data,0.0,True,0.04,0.0016,0.275,0.075625,0.0001,0.25,1e-08,0.0625
e53dabd31f71786f3b044bd12e498deee5a732a43de2d9be7468ebaced466977,2024-07-28,acled,Data,1.0,True,0.25,0.5625,0.295,0.4970250000000001,0.512,0.65,0.238144,0.12249999999999998
e53dabd31f71786f3b044bd12e498deee5a732a43de2d9be7468ebaced466977,2024-08-20,acled,Data,0.0,True,0.25,0.0625,0.275,0.075625,0.512,0.65,0.262144,0.42250000000000004
e53dabd31f71786f3b044bd12e498deee5a732a43de2d9be7468ebaced466977,2024-10-19,acled,Data,0.0,True,0.3,0.09,0.3,0.09,0.512,0.65,0.262144,0.42250000000000004
e53dabd31f71786f3b044bd12e498deee5a732a43de2d9be7468ebaced466977,2025-01-17,acled,Data,0.0,True,0.3,0.09,0.325,0.105625,0.512,0.65,0.262144,0.42250000000000004
e53dabd31f71786f3b044bd12e498deee5a732a43de2d9be7468ebaced466977,2025-07-21,acled,Data,0.0,True,0.35,0.1224999999999999,0.4,0.16,0.512,0.65,0.262144,0.42250000000000004
600e496f50daaa9743707de63ce115d974431d123cd136ff68b8f92bc74eb435,2024-07-28,acled,Data,0.0,True,0.0,0.0,0.02,0.0004,0.0001,0.37,1e-08,0.1369
600e496f50daaa9743707de63ce115d974431d123cd136ff68b8f92bc74eb435,2024-08-20,acled,Data,0.0,True,0.0,0.0,0.03,0.0009,0.0001,0.37,1e-08,0.1369
600e496f50daaa9743707de63ce115d974431d123cd136ff68b8f92bc74eb435,2024-10-19,acled,Data,0.0,True,0.0,0.0,0.05,0.0025,0.0001,0.37,1e-08,0.1369
600e496f50daaa9743707de63ce115d974431d123cd136ff68b8f92bc74eb435,2025-01-17,acled,Data,0.0,True,0.0,0.0,0.05,0.0025,0.0001,0.37,1e-08,0.1369
600e496f50daaa9743707de63ce115d974431d123cd136ff68b8f92bc74eb435,2025-07-21,acled,Data,0.0,True,0.0,0.0,0.1,0.01,0.0001,0.37,1e-08,0.1369
d9c14625f757e5fb87a7bdfe5154170e6fd569a1bb4b215cf1fb50e704bdc739,2024-07-28,acled,Data,0.0,True,0.01,0.0001,0.104,0.010816,0.51,0.55,0.2601,0.30250000000000005
d9c14625f757e5fb87a7bdfe5154170e6fd569a1bb4b215cf1fb50e704bdc739,2024-08-20,acled,Data,0.0,True,0.01,0.0001,0.1295,0.01677025,0.51,0.55,0.2601,0.30250000000000005
d9c14625f757e5fb87a7bdfe5154170e6fd569a1bb4b215cf1fb50e704bdc739,2024-10-19,acled,Data,0.0,True,0.01,0.0001,0.2,0.04,0.51,0.55,0.2601,0.30250000000000005
d9c14625f757e5fb87a7bdfe5154170e6fd569a1bb4b215cf1fb50e704bdc739,2025-01-17,acled,Data,0.0,True,0.01,0.0001,0.2,0.04,0.51,0.55,0.2601,0.30250000000000005
d9c14625f757e5fb87a7bdfe5154170e6fd569a1bb4b215cf1fb50e704bdc739,2025-07-21,acled,Data,0.0,True,0.01,0.0001,0.2,0.04,0.51,0.55,0.2601,0.30250000000000005
a6df218adf1cf6a40983148234c46052bc83c7d2b8e31157dfdd6e58a9f83f5d,2024-07-28,acled,Data,0.0,True,0.1,0.01,0.23,0.0529,0.52,0.55,0.27040000000000003,0.30250000000000005
a6df218adf1cf6a40983148234c46052bc83c7d2b8e31157dfdd6e58a9f83f5d,2024-08-20,acled,Data,0.0,True,0.195,0.038025,0.25,0.0625,0.52,0.55,0.27040000000000003,0.30250000000000005
a6df218adf1cf6a40983148234c46052bc83c7d2b8e31157dfdd6e58a9f83f5d,2024-10-19,acled,Data,0.0,True,0.25,0.0625,0.2,0.04,0.52,0.55,0.27040000000000003,0.30250000000000005
a6df218adf1cf6a40983148234c46052bc83c7d2b8e31157dfdd6e58a9f83f5d,2025-01-17,acled,Data,0.0,True,0.29,0.0841,0.25,0.0625,0.52,0.55,0.27040000000000003,0.30250000000000005
a6df218adf1cf6a40983148234c46052bc83c7d2b8e31157dfdd6e58a9f83f5d,2025-07-21,acled,Data,1.0,True,0.41,0.3481000000000001,0.3,0.4899999999999999,0.52,0.55,0.2304,0.20249999999999996
1a0426c8b3d715290f3ad93dae8dfc9f84d6f6e38ea1fd4d20f11496049204b5,2024-07-28,acled,Data,0.0,True,0.0,0.0,0.08,0.0064,0.0001,0.2,1e-08,0.04000000000000001
1a0426c8b3d715290f3ad93dae8dfc9f84d6f6e38ea1fd4d20f11496049204b5,2024-08-20,acled,Data,0.0,True,0.0,0.0,0.09,0.0081,0.0001,0.2,1e-08,0.04000000000000001
1a0426c8b3d715290f3ad93dae8dfc9f84d6f6e38ea1fd4d20f11496049204b5,2024-10-19,acled,Data,0.0,True,0.0,0.0,0.055,0.003025,0.0001,0.2,1e-08,0.04000000000000001
1a0426c8b3d715290f3ad93dae8dfc9f84d6f6e38ea1fd4d20f11496049204b5,2025-01-17,acled,Data,0.0,True,0.0,0.0,0.075,0.005625,0.0001,0.2,1e-08,0.04000000000000001
1a0426c8b3d715290f3ad93dae8dfc9f84d6f6e38ea1fd4d20f11496049204b5,2025-07-21,acled,Data,0.0,True,0.0,0.0,0.1,0.01,0.0001,0.2,1e-08,0.04000000000000001
7de1da056e3c1cf3e02778d4631cd6d10a716795d083dd2f64d3988d10b27848,2024-07-28,acled,Data,0.0,True,0.0,0.0,0.15,0.0225,0.0001,0.45,1e-08,0.2025
7de1da056e3c1cf3e02778d4631cd6d10a716795d083dd2f64d3988d10b27848,2024-08-20,acled,Data,0.0,True,0.005,2.5e-05,0.2,0.04,0.0001,0.45,1e-08,0.2025
7de1da056e3c1cf3e02778d4631cd6d10a716795d083dd2f64d3988d10b27848,2024-10-19,acled,Data,0.0,True,0.01,0.0001,0.15,0.0225,0.0001,0.45,1e-08,0.2025
7de1da056e3c1cf3e02778d4631cd6d10a716795d083dd2f64d3988d10b27848,2025-01-17,acled,Data,0.0,True,0.02,0.0004,0.15,0.0225,0.0001,0.45,1e-08,0.2025
7de1da056e3c1cf3e02778d4631cd6d10a716795d083dd2f64d3988d10b27848,2025-07-21,acled,Data,0.0,True,0.02,0.0004,0.15,0.0225,0.0001,0.45,1e-08,0.2025
3d8c7edc8a70211d39a3e4827f448e5908cd5e98dbbb1e3d7501c7761a877788,2024-07-28,acled,Data,0.0,True,0.0,0.0,0.08,0.0064,0.5,0.55,0.25,0.30250000000000005
3d8c7edc8a70211d39a3e4827f448e5908cd5e98dbbb1e3d7501c7761a877788,2024-08-20,acled,Data,0.0,True,0.0,0.0,0.1,0.01,0.5,0.55,0.25,0.30250000000000005
3d8c7edc8a70211d39a3e4827f448e5908cd5e98dbbb1e3d7501c7761a877788,2024-10-19,acled,Data,0.0,True,0.0017499999999999,3.0624999999999995e-06,0.1,0.01,0.5,0.55,0.25,0.30250000000000005
3d8c7edc8a70211d39a3e4827f448e5908cd5e98dbbb1e3d7501c7761a877788,2025-01-17,acled,Data,0.0,True,0.00625,3.906250000000001e-05,0.12,0.0144,0.5,0.55,0.25,0.30250000000000005
3d8c7edc8a70211d39a3e4827f448e5908cd5e98dbbb1e3d7501c7761a877788,2025-07-21,acled,Data,0.0,True,0.0065,4.225000000000001e-05,0.1,0.01,0.5,0.55,0.25,0.30250000000000005
447c809c60421e327f266315b62b36749b6362b8b688c133985c93c9ad9be608,2024-07-28,acled,Data,0.0,True,0.0,0.0,0.175,0.0306249999999999,0.0001,0.35,1e-08,0.12249999999999998
447c809c60421e327f266315b62b36749b6362b8b688c133985c93c9ad9be608,2024-08-20,acled,Data,0.0,True,0.0075,5.625e-05,0.19,0.0361,0.0001,0.35,1e-08,0.12249999999999998
447c809c60421e327f266315b62b36749b6362b8b688c133985c93c9ad9be608,2024-10-19,acled,Data,0.0,True,0.0075,5.625e-05,0.25,0.0625,0.0001,0.35,1e-08,0.12249999999999998
447c809c60421e327f266315b62b36749b6362b8b688c133985c93c9ad9be608,2025-01-17,acled,Data,0.0,True,0.01,0.0001,0.2,0.04,0.0001,0.35,1e-08,0.12249999999999998
447c809c60421e327f266315b62b36749b6362b8b688c133985c93c9ad9be608,2025-07-21,acled,Data,0.0,True,0.01,0.0001,0.225,0.050625,0.0001,0.35,1e-08,0.12249999999999998
meteofrance_TEMPERATURE_celsius.07117.D,2024-07-28,dbnomics,Data,0.0,True,0.535,0.286225,0.5,0.25,0.495,0.3,0.245025,0.09
meteofrance_TEMPERATURE_celsius.07117.D,2024-08-20,dbnomics,Data,1.0,True,0.525,0.225625,0.5,0.25,0.495,0.3,0.255025,0.48999999999999994
meteofrance_TEMPERATURE_celsius.07117.D,2024-10-19,dbnomics,Data,0.0,True,0.175,0.0306249999999999,0.2,0.04,0.495,0.3,0.245025,0.09
meteofrance_TEMPERATURE_celsius.07117.D,2025-01-17,dbnomics,Data,0.0,True,0.01,0.0001,0.08,0.0064,0.495,0.3,0.245025,0.09
meteofrance_TEMPERATURE_celsius.07117.D,2025-07-21,dbnomics,Data,0.0,True,0.54,0.2916,0.5,0.25,0.495,0.3,0.245025,0.09
meteofrance_TEMPERATURE_celsius.07240.D,2024-07-28,dbnomics,Data,0.0,True,0.51,0.2601,0.5,0.25,0.495,0.6,0.245025,0.36
meteofrance_TEMPERATURE_celsius.07240.D,2024-08-20,dbnomics,Data,0.0,True,0.485,0.235225,0.5,0.25,0.495,0.6,0.245025,0.36
meteofrance_TEMPERATURE_celsius.07240.D,2024-10-19,dbnomics,Data,0.0,True,0.01,0.0001,0.2,0.04,0.495,0.6,0.245025,0.36
meteofrance_TEMPERATURE_celsius.07240.D,2025-01-17,dbnomics,Data,0.0,True,0.0,0.0,0.1,0.01,0.495,0.6,0.245025,0.36
meteofrance_TEMPERATURE_celsius.07240.D,2025-07-21,dbnomics,Data,0.0,True,0.515,0.265225,0.5,0.25,0.495,0.6,0.245025,0.36
meteofrance_TEMPERATURE_celsius.07481.D,2024-07-28,dbnomics,Data,1.0,True,0.57,0.1849,0.55,0.2024999999999999,0.495,0.55,0.255025,0.20249999999999996
meteofrance_TEMPERATURE_celsius.07481.D,2024-08-20,dbnomics,Data,0.0,True,0.5,0.25,0.5,0.25,0.495,0.55,0.245025,0.30250000000000005
meteofrance_TEMPERATURE_celsius.07481.D,2024-10-19,dbnomics,Data,0.0,True,0.075,0.005625,0.23,0.0529,0.495,0.55,0.245025,0.30250000000000005
meteofrance_TEMPERATURE_celsius.07481.D,2025-01-17,dbnomics,Data,0.0,True,0.0,0.0,0.1,0.01,0.495,0.55,0.245025,0.30250000000000005
meteofrance_TEMPERATURE_celsius.07481.D,2025-07-21,dbnomics,Data,0.0,True,0.6,0.36,0.51,0.2601,0.495,0.55,0.245025,0.30250000000000005
meteofrance_TEMPERATURE_celsius.07015.D,2024-07-28,dbnomics,Data,0.0,True,0.5,0.25,0.5,0.25,0.495,0.35,0.245025,0.12249999999999998
meteofrance_TEMPERATURE_celsius.07015.D,2024-08-20,dbnomics,Data,0.0,True,0.48,0.2304,0.5,0.25,0.495,0.35,0.245025,0.12249999999999998
meteofrance_TEMPERATURE_celsius.07015.D,2024-10-19,dbnomics,Data,0.0,True,0.02,0.0004,0.27,0.0729,0.495,0.35,0.245025,0.12249999999999998
meteofrance_TEMPERATURE_celsius.07015.D,2025-01-17,dbnomics,Data,0.0,True,0.0,0.0,0.2,0.04,0.495,0.35,0.245025,0.12249999999999998
meteofrance_TEMPERATURE_celsius.07015.D,2025-07-21,dbnomics,Data,0.0,True,0.5,0.25,0.5,0.25,0.495,0.35,0.245025,0.12249999999999998
meteofrance_TEMPERATURE_celsius.07460.D,2024-07-28,dbnomics,Data,1.0,True,0.51,0.2400999999999999,0.5,0.25,0.495,0.25,0.255025,0.5625
meteofrance_TEMPERATURE_celsius.07460.D,2024-08-20,dbnomics,Data,0.0,True,0.535,0.286225,0.425,0.1806249999999999,0.495,0.25,0.245025,0.0625
meteofrance_TEMPERATURE_celsius.07460.D,2024-10-19,dbnomics,Data,0.0,True,0.07,0.0049,0.2,0.04,0.495,0.25,0.245025,0.0625
meteofrance_TEMPERATURE_celsius.07460.D,2025-01-17,dbnomics,Data,0.0,True,0.0,0.0,0.1,0.01,0.495,0.25,0.245025,0.0625
meteofrance_TEMPERATURE_celsius.07761.D,2024-07-28,dbnomics,Data,1.0,True,0.42,0.3364000000000001,0.5,0.25,0.495,0.45,0.255025,0.30250000000000005
meteofrance_TEMPERATURE_celsius.07761.D,2024-08-20,dbnomics,Data,0.0,True,0.315,0.099225,0.5,0.25,0.495,0.45,0.245025,0.2025
meteofrance_TEMPERATURE_celsius.07761.D,2024-10-19,dbnomics,Data,0.0,True,0.0,0.0,0.225,0.050625,0.495,0.45,0.245025,0.2025
meteofrance_TEMPERATURE_celsius.07761.D,2025-01-17,dbnomics,Data,0.0,True,0.0,0.0,0.1,0.01,0.495,0.45,0.245025,0.2025
meteofrance_TEMPERATURE_celsius.07761.D,2025-07-21,dbnomics,Data,0.0,True,0.46,0.2116,0.5,0.25,0.495,0.45,0.245025,0.2025
meteofrance_TEMPERATURE_celsius.07190.D,2024-07-28,dbnomics,Data,0.0,True,0.45,0.2025,0.5,0.25,0.495,0.35,0.245025,0.12249999999999998
meteofrance_TEMPERATURE_celsius.07190.D,2024-08-20,dbnomics,Data,0.0,True,0.45,0.2025,0.5,0.25,0.495,0.35,0.245025,0.12249999999999998
meteofrance_TEMPERATURE_celsius.07190.D,2024-10-19,dbnomics,Data,0.0,True,0.06,0.0036,0.215,0.0462249999999999,0.495,0.35,0.245025,0.12249999999999998
meteofrance_TEMPERATURE_celsius.07190.D,2025-01-17,dbnomics,Data,0.0,True,0.01,0.0001,0.12,0.0144,0.495,0.35,0.245025,0.12249999999999998
meteofrance_TEMPERATURE_celsius.07190.D,2025-07-21,dbnomics,Data,0.0,True,0.5,0.25,0.475,0.225625,0.495,0.35,0.245025,0.12249999999999998
meteofrance_TEMPERATURE_celsius.07621.D,2024-07-28,dbnomics,Data,1.0,True,0.81,0.0360999999999999,0.55,0.2024999999999999,0.495,0.45,0.255025,0.30250000000000005
meteofrance_TEMPERATURE_celsius.07621.D,2024-08-20,dbnomics,Data,1.0,True,0.8,0.0399999999999999,0.5,0.25,0.495,0.45,0.255025,0.30250000000000005
meteofrance_TEMPERATURE_celsius.07621.D,2024-10-19,dbnomics,Data,0.0,True,0.2,0.04,0.2,0.04,0.495,0.45,0.245025,0.2025
meteofrance_TEMPERATURE_celsius.07621.D,2025-01-17,dbnomics,Data,0.0,True,0.0,0.0,0.1,0.01,0.495,0.45,0.245025,0.2025
meteofrance_TEMPERATURE_celsius.07621.D,2025-07-21,dbnomics,Data,1.0,True,0.65,0.1224999999999999,0.52,0.2304,0.495,0.45,0.255025,0.30250000000000005
meteofrance_TEMPERATURE_celsius.07110.D,2024-07-28,dbnomics,Data,1.0,True,0.6,0.16,0.3,0.4899999999999999,0.495,0.25,0.255025,0.5625
meteofrance_TEMPERATURE_celsius.07110.D,2024-08-20,dbnomics,Data,1.0,True,0.6,0.16,0.38,0.3844,0.495,0.25,0.255025,0.5625
meteofrance_TEMPERATURE_celsius.07110.D,2024-10-19,dbnomics,Data,0.0,True,0.01,0.0001,0.2,0.04,0.495,0.25,0.245025,0.0625
meteofrance_TEMPERATURE_celsius.07110.D,2025-01-17,dbnomics,Data,0.0,True,0.0,0.0,0.2,0.04,0.495,0.25,0.245025,0.0625
meteofrance_TEMPERATURE_celsius.07110.D,2025-07-21,dbnomics,Data,1.0,True,0.7,0.09,0.45,0.3025,0.495,0.25,0.255025,0.5625
meteofrance_TEMPERATURE_celsius.07020.D,2024-07-28,dbnomics,Data,0.0,True,0.51,0.2601,0.5,0.25,0.495,0.55,0.245025,0.30250000000000005
meteofrance_TEMPERATURE_celsius.07020.D,2024-08-20,dbnomics,Data,1.0,True,0.55,0.2024999999999999,0.5,0.25,0.495,0.55,0.255025,0.20249999999999996
meteofrance_TEMPERATURE_celsius.07020.D,2024-10-19,dbnomics,Data,0.0,True,0.12,0.0144,0.2,0.04,0.495,0.55,0.245025,0.30250000000000005
meteofrance_TEMPERATURE_celsius.07020.D,2025-01-17,dbnomics,Data,0.0,True,0.0,0.0,0.1,0.01,0.495,0.55,0.245025,0.30250000000000005
meteofrance_TEMPERATURE_celsius.07020.D,2025-07-21,dbnomics,Data,1.0,True,0.55,0.2024999999999999,0.5,0.25,0.495,0.55,0.255025,0.20249999999999996
meteofrance_TEMPERATURE_celsius.07335.D,2024-07-28,dbnomics,Data,1.0,True,0.5,0.25,0.5,0.25,0.495,0.35,0.255025,0.42250000000000004
meteofrance_TEMPERATURE_celsius.07335.D,2024-08-20,dbnomics,Data,0.0,True,0.4,0.16,0.4,0.16,0.495,0.35,0.245025,0.12249999999999998
meteofrance_TEMPERATURE_celsius.07335.D,2024-10-19,dbnomics,Data,0.0,True,0.05,0.0025,0.2,0.04,0.495,0.35,0.245025,0.12249999999999998
meteofrance_TEMPERATURE_celsius.07335.D,2025-01-17,dbnomics,Data,0.0,True,0.0,0.0,0.2,0.04,0.495,0.35,0.245025,0.12249999999999998
meteofrance_TEMPERATURE_celsius.07335.D,2025-07-21,dbnomics,Data,0.0,True,0.52,0.2704,0.5,0.25,0.495,0.35,0.245025,0.12249999999999998
meteofrance_TEMPERATURE_celsius.07577.D,2024-07-28,dbnomics,Data,1.0,True,0.565,0.189225,0.27,0.5328999999999999,0.495,0.62,0.255025,0.1444
meteofrance_TEMPERATURE_celsius.07577.D,2024-08-20,dbnomics,Data,1.0,True,0.515,0.235225,0.265,0.540225,0.495,0.62,0.255025,0.1444
meteofrance_TEMPERATURE_celsius.07577.D,2024-10-19,dbnomics,Data,0.0,True,0.001,1e-06,0.1,0.01,0.495,0.62,0.245025,0.3844
meteofrance_TEMPERATURE_celsius.07577.D,2025-01-17,dbnomics,Data,0.0,True,0.0,0.0,0.075,0.005625,0.495,0.62,0.245025,0.3844
meteofrance_TEMPERATURE_celsius.07577.D,2025-07-21,dbnomics,Data,1.0,True,0.535,0.2162249999999999,0.48,0.2704,0.495,0.62,0.255025,0.1444
meteofrance_TEMPERATURE_celsius.07130.D,2024-07-28,dbnomics,Data,1.0,True,0.6,0.16,0.5,0.25,0.5,0.55,0.25,0.20249999999999996
meteofrance_TEMPERATURE_celsius.07130.D,2024-08-20,dbnomics,Data,0.0,True,0.53,0.2809,0.5,0.25,0.5,0.55,0.25,0.30250000000000005
meteofrance_TEMPERATURE_celsius.07130.D,2024-10-19,dbnomics,Data,0.0,True,0.01,0.0001,0.3,0.09,0.5,0.55,0.25,0.30250000000000005
meteofrance_TEMPERATURE_celsius.07130.D,2025-01-17,dbnomics,Data,0.0,True,0.0,0.0,0.13,0.0169,0.5,0.55,0.25,0.30250000000000005
meteofrance_TEMPERATURE_celsius.07130.D,2025-07-21,dbnomics,Data,1.0,True,0.53,0.2208999999999999,0.5,0.25,0.5,0.55,0.25,0.20249999999999996
meteofrance_TEMPERATURE_celsius.78897.D,2024-07-28,dbnomics,Data,0.0,True,0.525,0.275625,0.395,0.156025,0.495,0.37,0.245025,0.1369
meteofrance_TEMPERATURE_celsius.78897.D,2024-08-20,dbnomics,Data,1.0,True,0.595,0.164025,0.4,0.36,0.495,0.37,0.255025,0.39690000000000003
meteofrance_TEMPERATURE_celsius.78897.D,2024-10-19,dbnomics,Data,1.0,True,0.11,0.7921,0.2,0.6400000000000001,0.495,0.37,0.255025,0.39690000000000003
meteofrance_TEMPERATURE_celsius.78897.D,2025-01-17,dbnomics,Data,0.0,True,0.05,0.0025,0.145,0.021025,0.495,0.37,0.245025,0.1369
meteofrance_TEMPERATURE_celsius.78925.D,2024-07-28,dbnomics,Data,0.0,True,0.5,0.25,0.425,0.1806249999999999,0.432,0.55,0.18662399999999998,0.30250000000000005
meteofrance_TEMPERATURE_celsius.78925.D,2024-08-20,dbnomics,Data,0.0,True,0.5,0.25,0.375,0.140625,0.432,0.55,0.18662399999999998,0.30250000000000005
meteofrance_TEMPERATURE_celsius.78925.D,2024-10-19,dbnomics,Data,0.0,True,0.305,0.093025,0.2,0.04,0.432,0.55,0.18662399999999998,0.30250000000000005
meteofrance_TEMPERATURE_celsius.78925.D,2025-01-17,dbnomics,Data,0.0,True,0.01,0.0001,0.2,0.04,0.432,0.55,0.18662399999999998,0.30250000000000005
meteofrance_TEMPERATURE_celsius.78925.D,2025-07-21,dbnomics,Data,0.0,True,0.5,0.25,0.485,0.235225,0.432,0.55,0.18662399999999998,0.30250000000000005
meteofrance_TEMPERATURE_celsius.07591.D,2024-07-28,dbnomics,Data,1.0,True,0.51,0.2400999999999999,0.5,0.25,0.495,0.45,0.255025,0.30250000000000005
meteofrance_TEMPERATURE_celsius.07591.D,2024-08-20,dbnomics,Data,1.0,True,0.4,0.36,0.5,0.25,0.495,0.45,0.255025,0.30250000000000005
meteofrance_TEMPERATURE_celsius.07591.D,2024-10-19,dbnomics,Data,0.0,True,0.0,0.0,0.24,0.0576,0.495,0.45,0.245025,0.2025
meteofrance_TEMPERATURE_celsius.07591.D,2025-01-17,dbnomics,Data,0.0,True,0.0,0.0,0.1,0.01,0.495,0.45,0.245025,0.2025
meteofrance_TEMPERATURE_celsius.07591.D,2025-07-21,dbnomics,Data,1.0,True,0.51,0.2400999999999999,0.5,0.25,0.495,0.45,0.255025,0.30250000000000005
meteofrance_TEMPERATURE_celsius.07650.D,2024-07-28,dbnomics,Data,1.0,True,0.5,0.25,0.5,0.25,0.495,0.4,0.255025,0.36
meteofrance_TEMPERATURE_celsius.07650.D,2024-08-20,dbnomics,Data,1.0,True,0.5,0.25,0.5,0.25,0.495,0.4,0.255025,0.36
meteofrance_TEMPERATURE_celsius.07650.D,2024-10-19,dbnomics,Data,0.0,True,0.03,0.0009,0.2,0.04,0.495,0.4,0.245025,0.16000000000000003
meteofrance_TEMPERATURE_celsius.07650.D,2025-01-17,dbnomics,Data,0.0,True,0.0,0.0,0.09,0.0081,0.495,0.4,0.245025,0.16000000000000003
meteofrance_TEMPERATURE_celsius.07650.D,2025-07-21,dbnomics,Data,1.0,True,0.56,0.1935999999999999,0.51,0.2400999999999999,0.495,0.4,0.255025,0.36
meteofrance_TEMPERATURE_celsius.07607.D,2024-07-28,dbnomics,Data,1.0,True,0.78,0.0483999999999999,0.5,0.25,0.495,0.55,0.255025,0.20249999999999996
meteofrance_TEMPERATURE_celsius.07607.D,2024-08-20,dbnomics,Data,1.0,True,0.71,0.0841,0.55,0.2024999999999999,0.495,0.55,0.255025,0.20249999999999996
meteofrance_TEMPERATURE_celsius.07607.D,2024-10-19,dbnomics,Data,0.0,True,0.05,0.0025,0.3,0.09,0.495,0.55,0.245025,0.30250000000000005
meteofrance_TEMPERATURE_celsius.07607.D,2025-01-17,dbnomics,Data,0.0,True,0.0,0.0,0.2,0.04,0.495,0.55,0.245025,0.30250000000000005
meteofrance_TEMPERATURE_celsius.07607.D,2025-07-21,dbnomics,Data,1.0,True,0.68,0.1023999999999999,0.5,0.25,0.495,0.55,0.255025,0.20249999999999996
DTB3,2024-07-28,fred,Data,0.0,True,0.46,0.2116,0.2,0.04,0.5,0.4,0.25,0.16000000000000003
DTB3,2024-08-20,fred,Data,0.0,True,0.44,0.1936,0.35,0.1224999999999999,0.5,0.5,0.25,0.25
DTB3,2024-10-19,fred,Data,0.0,True,0.18,0.0324,0.225,0.050625,0.5,0.6,0.25,0.36
DTB3,2025-01-17,fred,Data,0.0,True,0.12,0.0144,0.285,0.0812249999999999,0.5,0.65,0.25,0.42250000000000004
DTB3,2025-07-21,fred,Data,0.0,True,0.15,0.0225,0.3,0.09,0.5,0.7,0.25,0.48999999999999994
TMBACBW027SBOG,2024-07-28,fred,Data,1.0,True,0.53,0.2208999999999999,0.48,0.2704,0.5,0.6,0.25,0.16000000000000003
TMBACBW027SBOG,2024-08-20,fred,Data,1.0,True,0.57,0.1849,0.45,0.3025,0.5,0.6,0.25,0.16000000000000003
TMBACBW027SBOG,2024-10-19,fred,Data,1.0,True,0.615,0.148225,0.5,0.25,0.5,0.6,0.25,0.16000000000000003
TMBACBW027SBOG,2025-01-17,fred,Data,1.0,True,0.645,0.126025,0.5,0.25,0.5,0.6,0.25,0.16000000000000003
TMBACBW027SBOG,2025-07-21,fred,Data,1.0,True,0.67,0.1088999999999999,0.5,0.25,0.5,0.6,0.25,0.16000000000000003
EXPINF30YR,2024-08-20,fred,Data,0.0,True,0.35,0.1224999999999999,0.3,0.09,0.51,0.55,0.2601,0.30250000000000005
EXPINF30YR,2024-10-19,fred,Data,0.0,True,0.41,0.1680999999999999,0.3,0.09,0.51,0.55,0.2601,0.30250000000000005
EXPINF30YR,2025-01-17,fred,Data,1.0,True,0.44,0.3136,0.35,0.4225,0.51,0.55,0.24009999999999998,0.20249999999999996
EXPINF30YR,2025-07-21,fred,Data,0.0,True,0.44,0.1936,0.3,0.09,0.51,0.55,0.2601,0.30250000000000005
DCOILBRENTEU,2024-07-28,fred,Data,0.0,True,0.5,0.25,0.3,0.09,0.5,0.65,0.25,0.42250000000000004
DCOILBRENTEU,2024-08-20,fred,Data,0.0,True,0.5,0.25,0.35,0.1224999999999999,0.5,0.65,0.25,0.42250000000000004
DCOILBRENTEU,2024-10-19,fred,Data,0.0,True,0.5,0.25,0.33,0.1089,0.5,0.65,0.25,0.42250000000000004
DCOILBRENTEU,2025-01-17,fred,Data,0.0,True,0.5,0.25,0.5,0.25,0.5,0.65,0.25,0.42250000000000004
DCOILBRENTEU,2025-07-21,fred,Data,0.0,True,0.505,0.255025,0.5,0.25,0.5,0.65,0.25,0.42250000000000004
DTB1YR,2024-07-28,fred,Data,0.0,True,0.5,0.25,0.3,0.09,0.5,0.35,0.25,0.12249999999999998
DTB1YR,2024-08-20,fred,Data,0.0,True,0.45,0.2025,0.3,0.09,0.5,0.45,0.25,0.2025
DTB1YR,2024-10-19,fred,Data,0.0,True,0.35,0.1224999999999999,0.34,0.1156,0.5,0.55,0.25,0.30250000000000005
DTB1YR,2025-01-17,fred,Data,0.0,True,0.3,0.09,0.42,0.1763999999999999,0.5,0.6,0.25,0.36
DTB1YR,2025-07-21,fred,Data,0.0,True,0.33,0.1089,0.45,0.2025,0.5,0.65,0.25,0.42250000000000004
RRPONTTLD,2024-07-28,fred,Data,1.0,True,0.49,0.2601,0.3,0.4899999999999999,0.512,0.65,0.238144,0.12249999999999998
RRPONTTLD,2024-08-20,fred,Data,0.0,True,0.46,0.2116,0.37,0.1369,0.512,0.65,0.262144,0.42250000000000004
RRPONTTLD,2024-10-19,fred,Data,0.0,True,0.46,0.2116,0.3,0.09,0.512,0.65,0.262144,0.42250000000000004
RRPONTTLD,2025-01-17,fred,Data,0.0,True,0.38,0.1444,0.37,0.1369,0.512,0.65,0.262144,0.42250000000000004
RRPONTTLD,2025-07-21,fred,Data,0.0,True,0.415,0.172225,0.4,0.16,0.512,0.65,0.262144,0.42250000000000004
SOFRINDEX,2024-07-28,fred,Data,1.0,True,1.0,0.0,0.46,0.2916,0.5,0.65,0.25,0.12249999999999998
SOFRINDEX,2024-08-20,fred,Data,1.0,True,1.0,0.0,0.45,0.3025,0.5,0.7,0.25,0.09000000000000002
SOFRINDEX,2024-10-19,fred,Data,1.0,True,1.0,0.0,0.5,0.25,0.5,0.75,0.25,0.0625
SOFRINDEX,2025-01-17,fred,Data,1.0,True,1.0,0.0,0.5,0.25,0.5,0.8,0.25,0.03999999999999998
SOFRINDEX,2025-07-21,fred,Data,1.0,True,1.0,0.0,0.5,0.25,0.5,0.85,0.25,0.022500000000000006
DTB4WK,2024-07-28,fred,Data,0.0,True,0.49,0.2400999999999999,0.25,0.0625,0.5,0.55,0.25,0.30250000000000005
DTB4WK,2024-08-20,fred,Data,0.0,True,0.49,0.2400999999999999,0.275,0.075625,0.5,0.55,0.25,0.30250000000000005
DTB4WK,2024-10-19,fred,Data,0.0,True,0.25,0.0625,0.3,0.09,0.5,0.55,0.25,0.30250000000000005
DTB4WK,2025-01-17,fred,Data,0.0,True,0.135,0.018225,0.375,0.140625,0.5,0.55,0.25,0.30250000000000005
DTB4WK,2025-07-21,fred,Data,0.0,True,0.095,0.009025,0.375,0.140625,0.5,0.55,0.25,0.30250000000000005
WLCFLPCL,2024-07-28,fred,Data,1.0,True,0.5,0.25,0.3,0.4899999999999999,0.5,0.65,0.25,0.12249999999999998
WLCFLPCL,2024-08-20,fred,Data,0.0,True,0.5,0.25,0.3,0.09,0.5,0.65,0.25,0.42250000000000004
WLCFLPCL,2024-10-19,fred,Data,0.0,True,0.5,0.25,0.3,0.09,0.5,0.65,0.25,0.42250000000000004
WLCFLPCL,2025-01-17,fred,Data,0.0,True,0.5,0.25,0.4,0.16,0.5,0.65,0.25,0.42250000000000004
WLCFLPCL,2025-07-21,fred,Data,0.0,True,0.5,0.25,0.35,0.1224999999999999,0.5,0.65,0.25,0.42250000000000004
IHLIDXUS,2024-07-28,fred,Data,1.0,True,0.49,0.2601,0.4,0.36,0.51,0.62,0.24009999999999998,0.1444
IHLIDXUS,2024-08-20,fred,Data,1.0,True,0.47,0.2809,0.5,0.25,0.51,0.62,0.24009999999999998,0.1444
IHLIDXUS,2024-10-19,fred,Data,0.0,True,0.46,0.2116,0.42,0.1763999999999999,0.51,0.62,0.2601,0.3844
IHLIDXUS,2025-01-17,fred,Data,0.0,True,0.47,0.2208999999999999,0.5,0.25,0.51,0.62,0.2601,0.3844
IHLIDXUS,2025-07-21,fred,Data,0.0,True,0.48,0.2304,0.4,0.16,0.51,0.62,0.2601,0.3844
T10YIE,2024-07-28,fred,Data,0.0,True,0.5,0.25,0.25,0.0625,0.5,0.65,0.25,0.42250000000000004
T10YIE,2024-08-20,fred,Data,0.0,True,0.5,0.25,0.25,0.0625,0.4,0.7,0.16000000000000003,0.48999999999999994
T10YIE,2024-10-19,fred,Data,0.0,True,0.48,0.2304,0.3,0.09,0.6,0.75,0.36,0.5625
T10YIE,2025-01-17,fred,Data,1.0,True,0.475,0.275625,0.35,0.4225,0.3,0.8,0.48999999999999994,0.03999999999999998
T10YIE,2025-07-21,fred,Data,1.0,True,0.475,0.275625,0.4,0.36,0.7,0.7,0.09000000000000002,0.09000000000000002
IUDSOIA,2024-07-28,fred,Data,0.0,True,0.2,0.04,0.23,0.0529,0.5005,0.25,0.2505002499999999,0.0625
IUDSOIA,2024-08-20,fred,Data,0.0,True,0.2,0.04,0.2,0.04,0.5005,0.2,0.2505002499999999,0.04000000000000001
IUDSOIA,2024-10-19,fred,Data,0.0,True,0.15,0.0225,0.25,0.0625,0.5005,0.15,0.2505002499999999,0.0225
IUDSOIA,2025-01-17,fred,Data,0.0,True,0.1,0.01,0.3,0.09,0.5005,0.1,0.2505002499999999,0.010000000000000002
IUDSOIA,2025-07-21,fred,Data,0.0,True,0.14,0.0196,0.4,0.16,0.5005,0.05,0.2505002499999999,0.0025000000000000005
H41RESPPALDKNWW,2024-07-28,fred,Data,0.0,True,0.035,0.001225,0.2,0.04,0.5,0.55,0.25,0.30250000000000005
H41RESPPALDKNWW,2024-08-20,fred,Data,0.0,True,0.035,0.001225,0.2,0.04,0.5,0.6,0.25,0.36
H41RESPPALDKNWW,2024-10-19,fred,Data,0.0,True,0.03,0.0009,0.3,0.09,0.5,0.65,0.25,0.42250000000000004
H41RESPPALDKNWW,2025-01-17,fred,Data,0.0,True,0.02,0.0004,0.3,0.09,0.5,0.7,0.25,0.48999999999999994
H41RESPPALDKNWW,2025-07-21,fred,Data,0.0,True,0.03,0.0009,0.3,0.09,0.5,0.75,0.25,0.5625
NASDAQ100,2024-07-28,fred,Data,0.0,True,0.505,0.255025,0.5,0.25,0.512,0.55,0.262144,0.30250000000000005
NASDAQ100,2024-08-20,fred,Data,1.0,True,0.53,0.2208999999999999,0.5,0.25,0.5,0.55,0.25,0.20249999999999996
NASDAQ100,2024-10-19,fred,Data,1.0,True,0.55,0.2024999999999999,0.5,0.25,0.489,0.55,0.261121,0.20249999999999996
NASDAQ100,2025-01-17,fred,Data,1.0,True,0.57,0.1849,0.5,0.25,0.521,0.55,0.22944099999999998,0.20249999999999996
NASDAQ100,2025-07-21,fred,Data,1.0,True,0.6,0.16,0.55,0.2024999999999999,0.498,0.55,0.252004,0.20249999999999996
DAAA,2024-07-28,fred,Data,1.0,True,0.5,0.25,0.295,0.4970250000000001,0.432,0.55,0.3226240000000001,0.20249999999999996
DAAA,2024-08-20,fred,Data,0.0,True,0.5,0.25,0.4,0.16,0.432,0.6,0.18662399999999998,0.36
DAAA,2024-10-19,fred,Data,0.0,True,0.485,0.235225,0.45,0.2025,0.432,0.65,0.18662399999999998,0.42250000000000004
DAAA,2025-01-17,fred,Data,1.0,True,0.455,0.2970249999999999,0.4,0.36,0.432,0.7,0.3226240000000001,0.09000000000000002
DAAA,2025-07-21,fred,Data,1.0,True,0.445,0.3080249999999999,0.5,0.25,0.432,0.75,0.3226240000000001,0.0625
DPCREDIT,2024-07-28,fred,Data,0.0,True,0.0,0.0,0.1,0.01,0.0,0.45,0.0,0.2025
DPCREDIT,2024-08-20,fred,Data,0.0,True,0.0,0.0,0.135,0.018225,0.0,0.45,0.0,0.2025
DPCREDIT,2024-10-19,fred,Data,0.0,True,0.02,0.0004,0.2,0.04,0.0,0.45,0.0,0.2025
DPCREDIT,2025-01-17,fred,Data,0.0,True,0.02,0.0004,0.2,0.04,0.0,0.45,0.0,0.2025
DPCREDIT,2025-07-21,fred,Data,0.0,True,0.03,0.0009,0.3,0.09,0.0,0.45,0.0,0.2025
BAMLH0A2HYB,2024-07-28,fred,Data,1.0,True,0.48,0.2704,0.0785,0.84916225,0.475,0.65,0.275625,0.12249999999999998
BAMLH0A2HYB,2024-08-20,fred,Data,1.0,True,0.45,0.3025,0.095,0.819025,0.475,0.65,0.275625,0.12249999999999998
BAMLH0A2HYB,2024-10-19,fred,Data,0.0,True,0.45,0.2025,0.1,0.01,0.475,0.65,0.225625,0.42250000000000004
BAMLH0A2HYB,2025-01-17,fred,Data,0.0,True,0.5,0.25,0.125,0.015625,0.475,0.65,0.225625,0.42250000000000004
BAMLH0A2HYB,2025-07-21,fred,Data,1.0,True,0.55,0.2024999999999999,0.15,0.7224999999999999,0.475,0.65,0.275625,0.12249999999999998
ECBDFR,2024-07-28,fred,Data,0.0,True,0.0,0.0,0.1,0.01,0.45,0.55,0.2025,0.30250000000000005
ECBDFR,2024-08-20,fred,Data,0.0,True,0.0,0.0,0.15,0.0225,0.45,0.55,0.2025,0.30250000000000005
ECBDFR,2024-10-19,fred,Data,0.0,True,0.02,0.0004,0.2,0.04,0.45,0.55,0.2025,0.30250000000000005
ECBDFR,2025-01-17,fred,Data,0.0,True,0.04,0.0016,0.275,0.075625,0.45,0.55,0.2025,0.30250000000000005
ECBDFR,2025-07-21,fred,Data,0.0,True,0.055,0.003025,0.3,0.09,0.45,0.55,0.2025,0.30250000000000005
DFII10,2024-07-28,fred,Data,0.0,True,0.4686999999999999,0.2196796899999999,0.15,0.0225,0.5005,0.55,0.2505002499999999,0.30250000000000005
DFII10,2024-08-20,fred,Data,0.0,True,0.45,0.2025,0.2,0.04,0.5005,0.55,0.2505002499999999,0.30250000000000005
DFII10,2024-10-19,fred,Data,0.0,True,0.46,0.2116,0.2,0.04,0.5005,0.55,0.2505002499999999,0.30250000000000005
DFII10,2025-01-17,fred,Data,1.0,True,0.4,0.36,0.2,0.6400000000000001,0.5005,0.55,0.24950025000000006,0.20249999999999996
DFII10,2025-07-21,fred,Data,1.0,True,0.38,0.3844,0.3,0.4899999999999999,0.5005,0.55,0.24950025000000006,0.20249999999999996
BAMLCC0A0CMTRIV,2024-07-28,fred,Data,1.0,True,0.52,0.2304,0.5,0.25,0.5,0.65,0.25,0.12249999999999998
BAMLCC0A0CMTRIV,2024-08-20,fred,Data,1.0,True,0.54,0.2115999999999999,0.5,0.25,0.5,0.65,0.25,0.12249999999999998
BAMLCC0A0CMTRIV,2024-10-19,fred,Data,1.0,True,0.56,0.1935999999999999,0.51,0.2400999999999999,0.5,0.65,0.25,0.12249999999999998
BAMLCC0A0CMTRIV,2025-01-17,fred,Data,1.0,True,0.58,0.1764,0.55,0.2024999999999999,0.5,0.65,0.25,0.12249999999999998
BAMLCC0A0CMTRIV,2025-07-21,fred,Data,1.0,True,0.6,0.16,0.55,0.2024999999999999,0.5,0.65,0.25,0.12249999999999998
REAINTRATREARAT10Y,2024-08-20,fred,Data,0.0,True,0.335,0.112225,0.3,0.09,0.495,0.65,0.245025,0.42250000000000004
REAINTRATREARAT10Y,2024-10-19,fred,Data,0.0,True,0.37,0.1369,0.35,0.1224999999999999,0.495,0.65,0.245025,0.42250000000000004
REAINTRATREARAT10Y,2025-01-17,fred,Data,1.0,True,0.41,0.3481000000000001,0.35,0.4225,0.495,0.65,0.255025,0.12249999999999998
REAINTRATREARAT10Y,2025-07-21,fred,Data,0.0,True,0.465,0.216225,0.4,0.16,0.495,0.65,0.245025,0.42250000000000004
DPSACBW027SBOG,2024-07-28,fred,Data,1.0,True,0.5,0.25,0.4,0.36,0.5,0.55,0.25,0.20249999999999996
DPSACBW027SBOG,2024-08-20,fred,Data,1.0,True,0.53,0.2208999999999999,0.5,0.25,0.5,0.6,0.25,0.16000000000000003
DPSACBW027SBOG,2024-10-19,fred,Data,1.0,True,0.55,0.2024999999999999,0.5,0.25,0.5,0.65,0.25,0.12249999999999998
DPSACBW027SBOG,2025-01-17,fred,Data,1.0,True,0.6,0.16,0.5,0.25,0.5,0.7,0.25,0.09000000000000002
DPSACBW027SBOG,2025-07-21,fred,Data,1.0,True,0.65,0.1224999999999999,0.5,0.25,0.5,0.75,0.25,0.0625
cfecaf75abdfe4be7627c5e61a5d7c88541a74fbf3f030dd0b3b81e3f456e655,2024-07-28,wikipedia,Data,0.0,True,0.0,0.0,0.245,0.0600249999999999,0.012,0.65,0.000144,0.42250000000000004
cfecaf75abdfe4be7627c5e61a5d7c88541a74fbf3f030dd0b3b81e3f456e655,2024-08-20,wikipedia,Data,0.0,True,0.0,0.0,0.25,0.0625,0.012,0.65,0.000144,0.42250000000000004
cfecaf75abdfe4be7627c5e61a5d7c88541a74fbf3f030dd0b3b81e3f456e655,2024-10-19,wikipedia,Data,0.0,True,0.05,0.0025,0.275,0.075625,0.012,0.65,0.000144,0.42250000000000004
cfecaf75abdfe4be7627c5e61a5d7c88541a74fbf3f030dd0b3b81e3f456e655,2025-01-17,wikipedia,Data,0.0,True,0.2,0.04,0.375,0.140625,0.012,0.65,0.000144,0.42250000000000004
cfecaf75abdfe4be7627c5e61a5d7c88541a74fbf3f030dd0b3b81e3f456e655,2025-07-21,wikipedia,Data,0.0,True,0.3,0.09,0.355,0.126025,0.012,0.65,0.000144,0.42250000000000004
b70970a0440d1b7dedde9220fb60ffe3f2ed8b00ef12b45341772046caa12092,2024-07-28,wikipedia,Data,1.0,True,1.0,0.0,0.46,0.2916,0.432,0.7,0.3226240000000001,0.09000000000000002
b70970a0440d1b7dedde9220fb60ffe3f2ed8b00ef12b45341772046caa12092,2024-08-20,wikipedia,Data,1.0,True,0.95,0.0025,0.5,0.25,0.432,0.7,0.3226240000000001,0.09000000000000002
b70970a0440d1b7dedde9220fb60ffe3f2ed8b00ef12b45341772046caa12092,2024-10-19,wikipedia,Data,1.0,True,0.9,0.0099999999999999,0.58,0.1764,0.432,0.7,0.3226240000000001,0.09000000000000002
b70970a0440d1b7dedde9220fb60ffe3f2ed8b00ef12b45341772046caa12092,2025-01-17,wikipedia,Data,1.0,True,0.8,0.0399999999999999,0.5,0.25,0.432,0.7,0.3226240000000001,0.09000000000000002
b70970a0440d1b7dedde9220fb60ffe3f2ed8b00ef12b45341772046caa12092,2025-07-21,wikipedia,Data,1.0,True,0.7,0.09,0.5,0.25,0.432,0.7,0.3226240000000001,0.09000000000000002
38ffedf32d4ca14903ace5aea31ec5a49444b8f646db87a8d0a32746c5359abe,2024-07-28,wikipedia,Data,0.0,True,0.0,0.0,0.01,0.0001,0.0001,0.4,1e-08,0.16000000000000003
38ffedf32d4ca14903ace5aea31ec5a49444b8f646db87a8d0a32746c5359abe,2024-08-20,wikipedia,Data,0.0,True,0.0,0.0,0.02,0.0004,0.0001,0.4,1e-08,0.16000000000000003
38ffedf32d4ca14903ace5aea31ec5a49444b8f646db87a8d0a32746c5359abe,2024-10-19,wikipedia,Data,0.0,True,0.0,0.0,0.03,0.0009,0.0001,0.4,1e-08,0.16000000000000003
38ffedf32d4ca14903ace5aea31ec5a49444b8f646db87a8d0a32746c5359abe,2025-01-17,wikipedia,Data,0.0,True,0.0,0.0,0.05,0.0025,0.0001,0.4,1e-08,0.16000000000000003
38ffedf32d4ca14903ace5aea31ec5a49444b8f646db87a8d0a32746c5359abe,2025-07-21,wikipedia,Data,0.0,True,0.01,0.0001,0.09,0.0081,0.0001,0.4,1e-08,0.16000000000000003
9fa89a7d296950fe794a71be32c65e5d50930a8dbe0f9a8c780f27eec1529e60,2024-07-28,wikipedia,Data,0.0,True,0.0,0.0,0.01,0.0001,0.0001,0.05,1e-08,0.0025000000000000005
9fa89a7d296950fe794a71be32c65e5d50930a8dbe0f9a8c780f27eec1529e60,2024-08-20,wikipedia,Data,0.0,True,0.0,0.0,0.015,0.000225,0.0001,0.1,1e-08,0.010000000000000002
9fa89a7d296950fe794a71be32c65e5d50930a8dbe0f9a8c780f27eec1529e60,2024-10-19,wikipedia,Data,0.0,True,0.0,0.0,0.02,0.0004,0.0001,0.2,1e-08,0.04000000000000001
9fa89a7d296950fe794a71be32c65e5d50930a8dbe0f9a8c780f27eec1529e60,2025-01-17,wikipedia,Data,0.0,True,0.0,0.0,0.05,0.0025,0.0001,0.3,1e-08,0.09
9fa89a7d296950fe794a71be32c65e5d50930a8dbe0f9a8c780f27eec1529e60,2025-07-21,wikipedia,Data,0.0,True,0.0,0.0,0.075,0.005625,0.0001,0.4,1e-08,0.16000000000000003
8cdd7e6836d4ad5c7964232f54746ec002813b42220648e34541e1757fd1d2be,2024-07-28,wikipedia,Data,0.0,True,0.0,0.0,0.215,0.0462249999999999,0.012,0.65,0.000144,0.42250000000000004
8cdd7e6836d4ad5c7964232f54746ec002813b42220648e34541e1757fd1d2be,2024-08-20,wikipedia,Data,0.0,True,0.03,0.0009,0.275,0.075625,0.011,0.7,0.00012099999999999999,0.48999999999999994
8cdd7e6836d4ad5c7964232f54746ec002813b42220648e34541e1757fd1d2be,2024-10-19,wikipedia,Data,0.0,True,0.275,0.075625,0.37,0.1369,0.01,0.75,0.0001,0.5625
8cdd7e6836d4ad5c7964232f54746ec002813b42220648e34541e1757fd1d2be,2025-01-17,wikipedia,Data,0.0,True,0.43,0.1848999999999999,0.5,0.25,0.009,0.8,8.099999999999999e-05,0.6400000000000001
8cdd7e6836d4ad5c7964232f54746ec002813b42220648e34541e1757fd1d2be,2025-07-21,wikipedia,Data,0.0,True,0.55,0.3025,0.5,0.25,0.008,0.85,6.4e-05,0.7224999999999999
c37effa43385e2f5a9a91bc99a278ac376fb8f10f1e11ea39fb621bfbf6e2c2f,2024-07-28,wikipedia,Data,1.0,True,1.0,0.0,0.35,0.4225,0.432,0.65,0.3226240000000001,0.12249999999999998
c37effa43385e2f5a9a91bc99a278ac376fb8f10f1e11ea39fb621bfbf6e2c2f,2024-08-20,wikipedia,Data,1.0,True,0.875,0.015625,0.375,0.390625,0.351,0.65,0.42120100000000005,0.12249999999999998
c37effa43385e2f5a9a91bc99a278ac376fb8f10f1e11ea39fb621bfbf6e2c2f,2024-10-19,wikipedia,Data,1.0,True,0.605,0.156025,0.35,0.4225,0.292,0.65,0.5012639999999999,0.12249999999999998
c37effa43385e2f5a9a91bc99a278ac376fb8f10f1e11ea39fb621bfbf6e2c2f,2025-01-17,wikipedia,Data,1.0,True,0.525,0.225625,0.32,0.4623999999999999,0.245,0.65,0.570025,0.12249999999999998
c37effa43385e2f5a9a91bc99a278ac376fb8f10f1e11ea39fb621bfbf6e2c2f,2025-07-21,wikipedia,Data,0.0,True,0.445,0.198025,0.3,0.09,0.204,0.65,0.04161599999999999,0.42250000000000004
2cab1958b1bd726695b512f3fa260e0b2ad5dbeadc5c5e1bc5b35104733c57fc,2024-07-28,wikipedia,Data,0.0,True,0.0,0.0,0.05,0.0025,0.0001,0.2,1e-08,0.04000000000000001
2cab1958b1bd726695b512f3fa260e0b2ad5dbeadc5c5e1bc5b35104733c57fc,2024-08-20,wikipedia,Data,0.0,True,0.0,0.0,0.05,0.0025,0.0001,0.3,1e-08,0.09
2cab1958b1bd726695b512f3fa260e0b2ad5dbeadc5c5e1bc5b35104733c57fc,2024-10-19,wikipedia,Data,0.0,True,0.0,0.0,0.04,0.0016,0.0001,0.4,1e-08,0.16000000000000003
2cab1958b1bd726695b512f3fa260e0b2ad5dbeadc5c5e1bc5b35104733c57fc,2025-01-17,wikipedia,Data,0.0,True,0.0,0.0,0.1,0.01,0.0001,0.5,1e-08,0.25
2cab1958b1bd726695b512f3fa260e0b2ad5dbeadc5c5e1bc5b35104733c57fc,2025-07-21,wikipedia,Data,0.0,True,0.0,0.0,0.1,0.01,0.0001,0.6,1e-08,0.36
cf373450466c71a49a7f2e82e176b66198255960bb1cf71d1721cd258d0c2b81,2024-07-28,wikipedia,Data,0.0,True,0.0,0.0,0.01,0.0001,0.0001,0.2,1e-08,0.04000000000000001
cf373450466c71a49a7f2e82e176b66198255960bb1cf71d1721cd258d0c2b81,2024-08-20,wikipedia,Data,0.0,True,0.0,0.0,0.01,0.0001,0.0001,0.3,1e-08,0.09
cf373450466c71a49a7f2e82e176b66198255960bb1cf71d1721cd258d0c2b81,2024-10-19,wikipedia,Data,0.0,True,0.0,0.0,0.015,0.000225,0.0001,0.4,1e-08,0.16000000000000003
cf373450466c71a49a7f2e82e176b66198255960bb1cf71d1721cd258d0c2b81,2025-01-17,wikipedia,Data,0.0,True,0.0,0.0,0.05,0.0025,0.0001,0.5,1e-08,0.25
cf373450466c71a49a7f2e82e176b66198255960bb1cf71d1721cd258d0c2b81,2025-07-21,wikipedia,Data,0.0,True,0.0,0.0,0.1,0.01,0.0001,0.6,1e-08,0.36
2f9337f5d2cc530629386a651bc047c7b76cb3d2fa3222a2fca72a8a7a20e7b2,2024-07-28,wikipedia,Data,0.0,True,0.0,0.0,0.03,0.0009,0.0001,0.4,1e-08,0.16000000000000003
2f9337f5d2cc530629386a651bc047c7b76cb3d2fa3222a2fca72a8a7a20e7b2,2024-08-20,wikipedia,Data,0.0,True,0.0,0.0,0.05,0.0025,0.0001,0.4,1e-08,0.16000000000000003
2f9337f5d2cc530629386a651bc047c7b76cb3d2fa3222a2fca72a8a7a20e7b2,2024-10-19,wikipedia,Data,0.0,True,0.0,0.0,0.095,0.009025,0.0001,0.4,1e-08,0.16000000000000003
2f9337f5d2cc530629386a651bc047c7b76cb3d2fa3222a2fca72a8a7a20e7b2,2025-01-17,wikipedia,Data,0.0,True,0.0,0.0,0.1,0.01,0.0001,0.4,1e-08,0.16000000000000003
2f9337f5d2cc530629386a651bc047c7b76cb3d2fa3222a2fca72a8a7a20e7b2,2025-07-21,wikipedia,Data,0.0,True,0.0,0.0,0.135,0.018225,0.0001,0.4,1e-08,0.16000000000000003
d61d058797047fb9793684b123dcf88a66f843695d9e65e9bc6df0f49ec9d936,2024-07-28,wikipedia,Data,0.0,True,0.0,0.0,0.15,0.0225,0.012,0.55,0.000144,0.30250000000000005
d61d058797047fb9793684b123dcf88a66f843695d9e65e9bc6df0f49ec9d936,2024-08-20,wikipedia,Data,0.0,True,0.02,0.0004,0.17,0.0289,0.011,0.6,0.00012099999999999999,0.36
d61d058797047fb9793684b123dcf88a66f843695d9e65e9bc6df0f49ec9d936,2024-10-19,wikipedia,Data,0.0,True,0.125,0.015625,0.3,0.09,0.01,0.65,0.0001,0.42250000000000004
d61d058797047fb9793684b123dcf88a66f843695d9e65e9bc6df0f49ec9d936,2025-01-17,wikipedia,Data,0.0,True,0.29,0.0841,0.32,0.1024,0.009,0.7,8.099999999999999e-05,0.48999999999999994
d61d058797047fb9793684b123dcf88a66f843695d9e65e9bc6df0f49ec9d936,2025-07-21,wikipedia,Data,0.0,True,0.4,0.16,0.35,0.1224999999999999,0.008,0.75,6.4e-05,0.5625
7c17d34e37d8cea481d3933f4e1c2c091bd523c3980043e539cde90fbc08f29a,2024-07-28,wikipedia,Data,1.0,True,1.0,0.0,0.6,0.16,0.0001,0.65,0.9998000100000001,0.12249999999999998
7c17d34e37d8cea481d3933f4e1c2c091bd523c3980043e539cde90fbc08f29a,2024-08-20,wikipedia,Data,1.0,True,0.9,0.0099999999999999,0.63,0.1369,0.0001,0.65,0.9998000100000001,0.12249999999999998
7c17d34e37d8cea481d3933f4e1c2c091bd523c3980043e539cde90fbc08f29a,2024-10-19,wikipedia,Data,1.0,True,0.85,0.0225,0.6,0.16,0.0001,0.65,0.9998000100000001,0.12249999999999998
7c17d34e37d8cea481d3933f4e1c2c091bd523c3980043e539cde90fbc08f29a,2025-01-17,wikipedia,Data,1.0,True,0.8,0.0399999999999999,0.5,0.25,0.0001,0.65,0.9998000100000001,0.12249999999999998
7c17d34e37d8cea481d3933f4e1c2c091bd523c3980043e539cde90fbc08f29a,2025-07-21,wikipedia,Data,1.0,True,0.7,0.09,0.5,0.25,0.0001,0.65,0.9998000100000001,0.12249999999999998
1b12215032357c20078f36029eca8e2c67788d7834cba572d712b7d769a288ee,2024-07-28,wikipedia,Data,0.0,True,0.0,0.0,0.2,0.04,0.012,0.45,0.000144,0.2025
1b12215032357c20078f36029eca8e2c67788d7834cba572d712b7d769a288ee,2024-08-20,wikipedia,Data,0.0,True,0.0,0.0,0.25,0.0625,0.011,0.55,0.00012099999999999999,0.30250000000000005
1b12215032357c20078f36029eca8e2c67788d7834cba572d712b7d769a288ee,2024-10-19,wikipedia,Data,0.0,True,0.05,0.0025,0.265,0.070225,0.01,0.65,0.0001,0.42250000000000004
1b12215032357c20078f36029eca8e2c67788d7834cba572d712b7d769a288ee,2025-01-17,wikipedia,Data,0.0,True,0.3,0.09,0.375,0.140625,0.009,0.7,8.099999999999999e-05,0.48999999999999994
1b12215032357c20078f36029eca8e2c67788d7834cba572d712b7d769a288ee,2025-07-21,wikipedia,Data,0.0,True,0.2,0.04,0.375,0.140625,0.008,0.75,6.4e-05,0.5625
4c98ccd0d64f8cad6896b50e8131b7173dcc95e40e1492413d69a7bf75d3328c,2024-07-28,wikipedia,Data,1.0,True,1.0,0.0,0.45,0.3025,0.432,0.65,0.3226240000000001,0.12249999999999998
4c98ccd0d64f8cad6896b50e8131b7173dcc95e40e1492413d69a7bf75d3328c,2024-08-20,wikipedia,Data,0.0,True,0.15,0.0225,0.45,0.2025,0.432,0.65,0.18662399999999998,0.42250000000000004
4c98ccd0d64f8cad6896b50e8131b7173dcc95e40e1492413d69a7bf75d3328c,2024-10-19,wikipedia,Data,0.0,True,0.25,0.0625,0.425,0.1806249999999999,0.432,0.65,0.18662399999999998,0.42250000000000004
4c98ccd0d64f8cad6896b50e8131b7173dcc95e40e1492413d69a7bf75d3328c,2025-01-17,wikipedia,Data,0.0,True,0.35,0.1224999999999999,0.5,0.25,0.432,0.65,0.18662399999999998,0.42250000000000004
4c98ccd0d64f8cad6896b50e8131b7173dcc95e40e1492413d69a7bf75d3328c,2025-07-21,wikipedia,Data,0.0,True,0.4,0.16,0.44,0.1936,0.432,0.65,0.18662399999999998,0.42250000000000004
3c37fef353460bfd130fde0117638badaee913ee8c79b8cdf4c35e2c5710126a,2024-07-28,wikipedia,Data,1.0,True,0.99,0.0001,0.88,0.0144,0.0001,0.7,0.9998000100000001,0.09000000000000002
3c37fef353460bfd130fde0117638badaee913ee8c79b8cdf4c35e2c5710126a,2024-08-20,wikipedia,Data,1.0,True,0.925,0.0056249999999999,0.8,0.0399999999999999,0.0001,0.7,0.9998000100000001,0.09000000000000002
3c37fef353460bfd130fde0117638badaee913ee8c79b8cdf4c35e2c5710126a,2024-10-19,wikipedia,Data,1.0,True,0.89,0.0120999999999999,0.75,0.0625,0.0001,0.7,0.9998000100000001,0.09000000000000002
3c37fef353460bfd130fde0117638badaee913ee8c79b8cdf4c35e2c5710126a,2025-01-17,wikipedia,Data,1.0,True,0.785,0.0462249999999999,0.7,0.09,0.0001,0.7,0.9998000100000001,0.09000000000000002
3c37fef353460bfd130fde0117638badaee913ee8c79b8cdf4c35e2c5710126a,2025-07-21,wikipedia,Data,1.0,True,0.69,0.0961,0.61,0.1521,0.0001,0.7,0.9998000100000001,0.09000000000000002
5f484517610914d8596bbc5302f164a81bb62bab27d481137fe178bc7a038ed8,2024-07-28,wikipedia,Data,0.0,True,0.0,0.0,0.01,0.0001,0.0001,0.2,1e-08,0.04000000000000001
5f484517610914d8596bbc5302f164a81bb62bab27d481137fe178bc7a038ed8,2024-08-20,wikipedia,Data,0.0,True,0.0,0.0,0.02,0.0004,0.0001,0.2,1e-08,0.04000000000000001
5f484517610914d8596bbc5302f164a81bb62bab27d481137fe178bc7a038ed8,2024-10-19,wikipedia,Data,0.0,True,0.0,0.0,0.04,0.0016,0.0001,0.2,1e-08,0.04000000000000001
5f484517610914d8596bbc5302f164a81bb62bab27d481137fe178bc7a038ed8,2025-01-17,wikipedia,Data,0.0,True,0.0,0.0,0.1,0.01,0.0001,0.2,1e-08,0.04000000000000001
5f484517610914d8596bbc5302f164a81bb62bab27d481137fe178bc7a038ed8,2025-07-21,wikipedia,Data,0.0,True,0.0,0.0,0.1,0.01,0.0001,0.2,1e-08,0.04000000000000001
eda8e5b43e0db651905667586e1e72a7d5679cbb5b3ef4dd6faa6444759e2dee,2024-07-28,wikipedia,Data,0.0,True,0.0,0.0,0.01,0.0001,0.0001,0.3,1e-08,0.09
eda8e5b43e0db651905667586e1e72a7d5679cbb5b3ef4dd6faa6444759e2dee,2024-08-20,wikipedia,Data,0.0,True,0.0,0.0,0.01,0.0001,0.0001,0.4,1e-08,0.16000000000000003
eda8e5b43e0db651905667586e1e72a7d5679cbb5b3ef4dd6faa6444759e2dee,2024-10-19,wikipedia,Data,0.0,True,0.0,0.0,0.01,0.0001,0.0001,0.5,1e-08,0.25
eda8e5b43e0db651905667586e1e72a7d5679cbb5b3ef4dd6faa6444759e2dee,2025-01-17,wikipedia,Data,0.0,True,0.0,0.0,0.05,0.0025,0.0001,0.6,1e-08,0.36
eda8e5b43e0db651905667586e1e72a7d5679cbb5b3ef4dd6faa6444759e2dee,2025-07-21,wikipedia,Data,0.0,True,0.0,0.0,0.07,0.0049,0.0001,0.7,1e-08,0.48999999999999994
917240d03f7e16595c3decf76c8e905081ffcc59d16c50f0128332abd87516ee,2024-07-28,wikipedia,Data,0.0,True,0.0,0.0,0.01,0.0001,0.0001,0.2,1e-08,0.04000000000000001
917240d03f7e16595c3decf76c8e905081ffcc59d16c50f0128332abd87516ee,2024-08-20,wikipedia,Data,0.0,True,0.0,0.0,0.02,0.0004,0.0001,0.3,1e-08,0.09
917240d03f7e16595c3decf76c8e905081ffcc59d16c50f0128332abd87516ee,2024-10-19,wikipedia,Data,0.0,True,0.0,0.0,0.025,0.000625,0.0001,0.4,1e-08,0.16000000000000003
917240d03f7e16595c3decf76c8e905081ffcc59d16c50f0128332abd87516ee,2025-01-17,wikipedia,Data,0.0,True,0.0,0.0,0.04,0.0016,0.0001,0.5,1e-08,0.25
917240d03f7e16595c3decf76c8e905081ffcc59d16c50f0128332abd87516ee,2025-07-21,wikipedia,Data,0.0,True,0.0,0.0,0.07,0.0049,0.0001,0.6,1e-08,0.36
e2ebe8c99e10583715b46ee35c93275a9a6b5721f812e6ce07f996daa8159732,2024-07-28,wikipedia,Data,0.0,True,0.0,0.0,0.01,0.0001,0.0001,0.05,1e-08,0.0025000000000000005
e2ebe8c99e10583715b46ee35c93275a9a6b5721f812e6ce07f996daa8159732,2024-08-20,wikipedia,Data,0.0,True,0.0,0.0,0.01,0.0001,0.0001,0.1,1e-08,0.010000000000000002
e2ebe8c99e10583715b46ee35c93275a9a6b5721f812e6ce07f996daa8159732,2024-10-19,wikipedia,Data,0.0,True,0.0,0.0,0.01,0.0001,0.0001,0.2,1e-08,0.04000000000000001
e2ebe8c99e10583715b46ee35c93275a9a6b5721f812e6ce07f996daa8159732,2025-01-17,wikipedia,Data,0.0,True,0.0,0.0,0.02,0.0004,0.0001,0.3,1e-08,0.09
e2ebe8c99e10583715b46ee35c93275a9a6b5721f812e6ce07f996daa8159732,2025-07-21,wikipedia,Data,0.0,True,0.0,0.0,0.03,0.0009,0.0001,0.4,1e-08,0.16000000000000003
1d9b2c247a0f16b0531b5fc49bfed62658a4e7c10dc8bd6fee98fb5ff57cf8c0,2024-07-28,wikipedia,Data,0.0,True,0.0,0.0,0.01,0.0001,0.0001,0.2,1e-08,0.04000000000000001
1d9b2c247a0f16b0531b5fc49bfed62658a4e7c10dc8bd6fee98fb5ff57cf8c0,2024-08-20,wikipedia,Data,0.0,True,0.0,0.0,0.02,0.0004,0.0001,0.3,1e-08,0.09
1d9b2c247a0f16b0531b5fc49bfed62658a4e7c10dc8bd6fee98fb5ff57cf8c0,2024-10-19,wikipedia,Data,0.0,True,0.0,0.0,0.05,0.0025,0.0001,0.4,1e-08,0.16000000000000003
1d9b2c247a0f16b0531b5fc49bfed62658a4e7c10dc8bd6fee98fb5ff57cf8c0,2025-01-17,wikipedia,Data,0.0,True,0.0,0.0,0.08,0.0064,0.0001,0.5,1e-08,0.25
1d9b2c247a0f16b0531b5fc49bfed62658a4e7c10dc8bd6fee98fb5ff57cf8c0,2025-07-21,wikipedia,Data,0.0,True,0.0,0.0,0.1,0.01,0.0001,0.6,1e-08,0.36
27b3562010fedb45de26cc72b0f1dfcd422aaa195c5c1acdd369833f55a2ac51,2024-07-28,wikipedia,Data,0.0,True,0.0,0.0,0.01,0.0001,0.0001,0.35,1e-08,0.12249999999999998
27b3562010fedb45de26cc72b0f1dfcd422aaa195c5c1acdd369833f55a2ac51,2024-08-20,wikipedia,Data,0.0,True,0.0,0.0,0.01,0.0001,0.0001,0.35,1e-08,0.12249999999999998
27b3562010fedb45de26cc72b0f1dfcd422aaa195c5c1acdd369833f55a2ac51,2024-10-19,wikipedia,Data,0.0,True,0.0,0.0,0.03,0.0009,0.0001,0.35,1e-08,0.12249999999999998
27b3562010fedb45de26cc72b0f1dfcd422aaa195c5c1acdd369833f55a2ac51,2025-01-17,wikipedia,Data,0.0,True,0.0,0.0,0.1,0.01,0.0001,0.35,1e-08,0.12249999999999998
27b3562010fedb45de26cc72b0f1dfcd422aaa195c5c1acdd369833f55a2ac51,2025-07-21,wikipedia,Data,0.0,True,0.0,0.0,0.1,0.01,0.0001,0.35,1e-08,0.12249999999999998
61c0fb3703e68cee2439afd5c2d71522bc6649a1fa154491f58981456fa8ab68,2024-07-28,wikipedia,Data,1.0,True,1.0,0.0,0.52,0.2304,0.0001,0.65,0.9998000100000001,0.12249999999999998
61c0fb3703e68cee2439afd5c2d71522bc6649a1fa154491f58981456fa8ab68,2024-08-20,wikipedia,Data,1.0,True,0.91,0.0080999999999999,0.5,0.25,0.0001,0.65,0.9998000100000001,0.12249999999999998
61c0fb3703e68cee2439afd5c2d71522bc6649a1fa154491f58981456fa8ab68,2024-10-19,wikipedia,Data,1.0,True,0.89,0.0120999999999999,0.5,0.25,0.0001,0.65,0.9998000100000001,0.12249999999999998
61c0fb3703e68cee2439afd5c2d71522bc6649a1fa154491f58981456fa8ab68,2025-01-17,wikipedia,Data,1.0,True,0.855,0.021025,0.5,0.25,0.0001,0.65,0.9998000100000001,0.12249999999999998
61c0fb3703e68cee2439afd5c2d71522bc6649a1fa154491f58981456fa8ab68,2025-07-21,wikipedia,Data,1.0,True,0.805,0.0380249999999999,0.5,0.25,0.0001,0.65,0.9998000100000001,0.12249999999999998
27e948952d66a749e55f37f9cb63036955768951570c627c3f16ec378df057f9,2024-07-28,wikipedia,Data,1.0,True,1.0,0.0,0.5,0.25,0.45,0.65,0.30250000000000005,0.12249999999999998
27e948952d66a749e55f37f9cb63036955768951570c627c3f16ec378df057f9,2024-08-20,wikipedia,Data,1.0,True,0.805,0.0380249999999999,0.5,0.25,0.42,0.65,0.3364000000000001,0.12249999999999998
27e948952d66a749e55f37f9cb63036955768951570c627c3f16ec378df057f9,2024-10-19,wikipedia,Data,0.0,True,0.675,0.455625,0.5,0.25,0.38,0.65,0.1444,0.42250000000000004
27e948952d66a749e55f37f9cb63036955768951570c627c3f16ec378df057f9,2025-01-17,wikipedia,Data,0.0,True,0.45,0.2025,0.5,0.25,0.35,0.65,0.12249999999999998,0.42250000000000004
27e948952d66a749e55f37f9cb63036955768951570c627c3f16ec378df057f9,2025-07-21,wikipedia,Data,0.0,True,0.355,0.126025,0.475,0.225625,0.32,0.65,0.1024,0.42250000000000004
CTAS,2024-07-28,yfinance,Data,1.0,True,0.5,0.25,0.5,0.25,0.512,0.65,0.238144,0.12249999999999998
CTAS,2024-08-20,yfinance,Data,1.0,True,0.51,0.2400999999999999,0.51,0.2400999999999999,0.512,0.65,0.238144,0.12249999999999998
CTAS,2024-10-19,yfinance,Data,1.0,True,0.51,0.2400999999999999,0.55,0.2024999999999999,0.512,0.65,0.238144,0.12249999999999998
CTAS,2025-01-17,yfinance,Data,1.0,True,0.53,0.2208999999999999,0.6,0.16,0.512,0.65,0.238144,0.12249999999999998
CTAS,2025-07-21,yfinance,Data,1.0,True,0.54,0.2115999999999999,0.65,0.1224999999999999,0.512,0.65,0.238144,0.12249999999999998
TSCO,2024-07-28,yfinance,Data,0.0,True,0.5,0.25,0.5,0.25,0.432,0.65,0.18662399999999998,0.42250000000000004
TSCO,2024-08-20,yfinance,Data,0.0,True,0.51,0.2601,0.4,0.16,0.421,0.62,0.17724099999999998,0.3844
TSCO,2024-10-19,yfinance,Data,1.0,True,0.52,0.2304,0.4,0.36,0.409,0.58,0.34928099999999995,0.17640000000000003
TSCO,2025-01-17,yfinance,Data,1.0,True,0.54,0.2115999999999999,0.5,0.25,0.396,0.55,0.364816,0.20249999999999996
TSCO,2025-07-21,yfinance,Data,1.0,True,0.6,0.16,0.5,0.25,0.384,0.52,0.379456,0.2304
FANG,2024-07-28,yfinance,Data,0.0,True,0.5,0.25,0.45,0.2025,0.432,0.55,0.18662399999999998,0.30250000000000005
FANG,2024-08-20,yfinance,Data,0.0,True,0.52,0.2704,0.46,0.2116,0.421,0.55,0.17724099999999998,0.30250000000000005
FANG,2024-10-19,yfinance,Data,0.0,True,0.54,0.2916,0.5,0.25,0.409,0.55,0.16728099999999999,0.30250000000000005
FANG,2025-01-17,yfinance,Data,0.0,True,0.53,0.2809,0.5,0.25,0.397,0.55,0.15760900000000003,0.30250000000000005
FANG,2025-07-21,yfinance,Data,0.0,True,0.5,0.25,0.6,0.36,0.385,0.55,0.148225,0.30250000000000005
DECK,2024-07-28,yfinance,Data,1.0,True,0.5,0.25,0.42,0.3364000000000001,0.432,0.55,0.3226240000000001,0.20249999999999996
DECK,2024-08-20,yfinance,Data,1.0,True,0.5,0.25,0.46,0.2916,0.421,0.52,0.33524099999999996,0.2304
DECK,2024-10-19,yfinance,Data,1.0,True,0.52,0.2304,0.415,0.3422249999999999,0.409,0.5,0.34928099999999995,0.25
DECK,2025-01-17,yfinance,Data,1.0,True,0.53,0.2208999999999999,0.4,0.36,0.396,0.48,0.364816,0.27040000000000003
DECK,2025-07-21,yfinance,Data,0.0,True,0.55,0.3025,0.5,0.25,0.384,0.45,0.147456,0.2025
T,2024-07-28,yfinance,Data,0.0,True,0.5,0.25,0.5,0.25,0.495,0.55,0.245025,0.30250000000000005
T,2024-08-20,yfinance,Data,1.0,True,0.503,0.247009,0.45,0.3025,0.495,0.55,0.255025,0.20249999999999996
T,2024-10-19,yfinance,Data,1.0,True,0.501,0.249001,0.5,0.25,0.495,0.55,0.255025,0.20249999999999996
T,2025-01-17,yfinance,Data,1.0,True,0.502,0.248004,0.475,0.275625,0.495,0.55,0.255025,0.20249999999999996
T,2025-07-21,yfinance,Data,1.0,True,0.54,0.2115999999999999,0.5,0.25,0.495,0.55,0.255025,0.20249999999999996
AXON,2024-07-28,yfinance,Data,1.0,True,0.5,0.25,0.5,0.25,0.5005,0.55,0.24950025000000006,0.20249999999999996
AXON,2024-08-20,yfinance,Data,1.0,True,0.5,0.25,0.5,0.25,0.5005,0.52,0.24950025000000006,0.2304
AXON,2024-10-19,yfinance,Data,1.0,True,0.52,0.2304,0.54,0.2115999999999999,0.5005,0.5,0.24950025000000006,0.25
AXON,2025-01-17,yfinance,Data,1.0,True,0.54,0.2115999999999999,0.5,0.25,0.5005,0.48,0.24950025000000006,0.27040000000000003
AXON,2025-07-21,yfinance,Data,1.0,True,0.55,0.2024999999999999,0.52,0.2304,0.5005,0.45,0.24950025000000006,0.30250000000000005
SNA,2024-07-28,yfinance,Data,1.0,True,0.5,0.25,0.5,0.25,0.512,0.55,0.238144,0.20249999999999996
SNA,2024-08-20,yfinance,Data,1.0,True,0.505,0.245025,0.5,0.25,0.514,0.55,0.236196,0.20249999999999996
SNA,2024-10-19,yfinance,Data,1.0,True,0.52,0.2304,0.52,0.2304,0.516,0.55,0.234256,0.20249999999999996
SNA,2025-01-17,yfinance,Data,1.0,True,0.525,0.225625,0.5,0.25,0.518,0.55,0.23232399999999997,0.20249999999999996
SNA,2025-07-21,yfinance,Data,1.0,True,0.53,0.2208999999999999,0.55,0.2024999999999999,0.52,0.55,0.2304,0.20249999999999996
GLW,2024-07-28,yfinance,Data,0.0,True,0.505,0.255025,0.49,0.2400999999999999,0.432,0.55,0.18662399999999998,0.30250000000000005
GLW,2024-08-20,yfinance,Data,0.0,True,0.51,0.2601,0.5,0.25,0.421,0.55,0.17724099999999998,0.30250000000000005
GLW,2024-10-19,yfinance,Data,1.0,True,0.51,0.2400999999999999,0.5,0.25,0.409,0.55,0.34928099999999995,0.20249999999999996
GLW,2025-01-17,yfinance,Data,1.0,True,0.525,0.225625,0.5,0.25,0.396,0.55,0.364816,0.20249999999999996
GLW,2025-07-21,yfinance,Data,1.0,True,0.575,0.180625,0.5,0.25,0.384,0.55,0.379456,0.20249999999999996
WYNN,2024-07-28,yfinance,Data,0.0,True,0.5,0.25,0.3,0.09,0.432,0.65,0.18662399999999998,0.42250000000000004
WYNN,2024-08-20,yfinance,Data,0.0,True,0.5,0.25,0.3,0.09,0.421,0.65,0.17724099999999998,0.42250000000000004
WYNN,2024-10-19,yfinance,Data,1.0,True,0.49,0.2601,0.3,0.4899999999999999,0.409,0.65,0.34928099999999995,0.12249999999999998
WYNN,2025-01-17,yfinance,Data,1.0,True,0.49,0.2601,0.4,0.36,0.395,0.65,0.366025,0.12249999999999998
WYNN,2025-07-21,yfinance,Data,1.0,True,0.5,0.25,0.36,0.4096,0.381,0.65,0.383161,0.12249999999999998
KHC,2024-07-28,yfinance,Data,1.0,True,0.49,0.2601,0.32,0.4623999999999999,0.495,0.65,0.255025,0.12249999999999998
KHC,2024-08-20,yfinance,Data,1.0,True,0.495,0.255025,0.3,0.4899999999999999,0.495,0.65,0.255025,0.12249999999999998
KHC,2024-10-19,yfinance,Data,1.0,True,0.51,0.2400999999999999,0.3,0.4899999999999999,0.495,0.65,0.255025,0.12249999999999998
KHC,2025-01-17,yfinance,Data,0.0,True,0.555,0.308025,0.275,0.075625,0.495,0.65,0.245025,0.42250000000000004
KHC,2025-07-21,yfinance,Data,0.0,True,0.555,0.308025,0.37,0.1369,0.495,0.65,0.245025,0.42250000000000004
LULU,2024-07-28,yfinance,Data,0.0,True,0.48,0.2304,0.2,0.04,0.432,0.65,0.18662399999999998,0.42250000000000004
LULU,2024-08-20,yfinance,Data,0.0,True,0.5,0.25,0.25,0.0625,0.421,0.65,0.17724099999999998,0.42250000000000004
LULU,2024-10-19,yfinance,Data,1.0,True,0.51,0.2400999999999999,0.35,0.4225,0.409,0.65,0.34928099999999995,0.12249999999999998
LULU,2025-01-17,yfinance,Data,1.0,True,0.52,0.2304,0.4,0.36,0.395,0.65,0.366025,0.12249999999999998
LULU,2025-07-21,yfinance,Data,0.0,True,0.52,0.2704,0.39,0.1521,0.381,0.65,0.145161,0.42250000000000004
KMB,2024-07-28,yfinance,Data,0.0,True,0.505,0.255025,0.5,0.25,0.455,0.65,0.20702500000000001,0.42250000000000004
KMB,2024-08-20,yfinance,Data,1.0,True,0.51,0.2400999999999999,0.5,0.25,0.432,0.62,0.3226240000000001,0.1444
KMB,2024-10-19,yfinance,Data,1.0,True,0.51,0.2400999999999999,0.475,0.275625,0.411,0.6,0.346921,0.16000000000000003
KMB,2025-01-17,yfinance,Data,0.0,True,0.52,0.2704,0.45,0.2025,0.394,0.58,0.155236,0.3364
KMB,2025-07-21,yfinance,Data,0.0,True,0.515,0.265225,0.45,0.2025,0.381,0.55,0.145161,0.30250000000000005
SOLV,2024-07-28,yfinance,Data,1.0,True,0.5,0.25,0.46,0.2916,0.432,0.65,0.3226240000000001,0.12249999999999998
SOLV,2024-08-20,yfinance,Data,1.0,True,0.5,0.25,0.5,0.25,0.432,0.65,0.3226240000000001,0.12249999999999998
SOLV,2024-10-19,yfinance,Data,1.0,True,0.505,0.245025,0.47,0.2809,0.432,0.65,0.3226240000000001,0.12249999999999998
SOLV,2025-01-17,yfinance,Data,1.0,True,0.52,0.2304,0.4,0.36,0.432,0.65,0.3226240000000001,0.12249999999999998
SOLV,2025-07-21,yfinance,Data,1.0,True,0.535,0.2162249999999999,0.4,0.36,0.432,0.65,0.3226240000000001,0.12249999999999998
DAY,2024-07-28,yfinance,Data,0.0,True,0.51,0.2601,0.4,0.16,0.432,0.45,0.18662399999999998,0.2025
DAY,2024-08-20,yfinance,Data,1.0,True,0.51,0.2400999999999999,0.4,0.36,0.432,0.45,0.3226240000000001,0.30250000000000005
DAY,2024-10-19,yfinance,Data,1.0,True,0.52,0.2304,0.3,0.4899999999999999,0.432,0.45,0.3226240000000001,0.30250000000000005
DAY,2025-01-17,yfinance,Data,1.0,True,0.5,0.25,0.4,0.36,0.432,0.45,0.3226240000000001,0.30250000000000005
DAY,2025-07-21,yfinance,Data,1.0,True,0.54,0.2115999999999999,0.4,0.36,0.432,0.45,0.3226240000000001,0.30250000000000005
CZR,2024-07-28,yfinance,Data,0.0,True,0.5042,0.2542176399999999,0.4,0.16,0.432,0.55,0.18662399999999998,0.30250000000000005
CZR,2024-08-20,yfinance,Data,0.0,True,0.52,0.2704,0.4,0.16,0.432,0.55,0.18662399999999998,0.30250000000000005
CZR,2024-10-19,yfinance,Data,1.0,True,0.5163,0.23396569,0.43,0.3249000000000001,0.432,0.55,0.3226240000000001,0.20249999999999996
CZR,2025-01-17,yfinance,Data,0.0,True,0.5199,0.27029601,0.4,0.16,0.432,0.55,0.18662399999999998,0.30250000000000005
CZR,2025-07-21,yfinance,Data,0.0,True,0.56,0.3136,0.45,0.2025,0.432,0.55,0.18662399999999998,0.30250000000000005
RJF,2024-07-28,yfinance,Data,1.0,True,0.5,0.25,0.37,0.3969,0.432,0.65,0.3226240000000001,0.12249999999999998
RJF,2024-08-20,yfinance,Data,1.0,True,0.51,0.2400999999999999,0.375,0.390625,0.456,0.65,0.29593600000000003,0.12249999999999998
RJF,2024-10-19,yfinance,Data,1.0,True,0.52,0.2304,0.5,0.25,0.482,0.65,0.268324,0.12249999999999998
RJF,2025-01-17,yfinance,Data,1.0,True,0.53,0.2208999999999999,0.465,0.2862249999999999,0.508,0.65,0.242064,0.12249999999999998
RJF,2025-07-21,yfinance,Data,1.0,True,0.54,0.2115999999999999,0.5,0.25,0.534,0.65,0.21715599999999996,0.12249999999999998
CLX,2024-07-28,yfinance,Data,0.0,True,0.495,0.245025,0.5,0.25,0.432,0.65,0.18662399999999998,0.42250000000000004
CLX,2024-08-20,yfinance,Data,1.0,True,0.495,0.255025,0.5,0.25,0.432,0.65,0.3226240000000001,0.12249999999999998
CLX,2024-10-19,yfinance,Data,1.0,True,0.51,0.2400999999999999,0.5,0.25,0.432,0.65,0.3226240000000001,0.12249999999999998
CLX,2025-01-17,yfinance,Data,1.0,True,0.495,0.255025,0.5,0.25,0.432,0.65,0.3226240000000001,0.12249999999999998
CLX,2025-07-21,yfinance,Data,0.0,True,0.52,0.2704,0.5,0.25,0.432,0.65,0.18662399999999998,0.42250000000000004
HUM,2024-07-28,yfinance,Data,1.0,True,0.5,0.25,0.3,0.4899999999999999,0.512,0.55,0.238144,0.20249999999999996
HUM,2024-08-20,yfinance,Data,0.0,True,0.5,0.25,0.345,0.1190249999999999,0.512,0.52,0.262144,0.27040000000000003
HUM,2024-10-19,yfinance,Data,0.0,True,0.5,0.25,0.345,0.1190249999999999,0.512,0.5,0.262144,0.25
HUM,2025-01-17,yfinance,Data,0.0,True,0.55,0.3025,0.45,0.2025,0.512,0.48,0.262144,0.2304
HUM,2025-07-21,yfinance,Data,0.0,True,0.6,0.36,0.5,0.25,0.512,0.45,0.262144,0.2025
CBRE,2024-07-28,yfinance,Data,1.0,True,0.5,0.25,0.5,0.25,0.432,0.45,0.3226240000000001,0.30250000000000005
CBRE,2024-08-20,yfinance,Data,1.0,True,0.5,0.25,0.5,0.25,0.421,0.45,0.33524099999999996,0.30250000000000005
CBRE,2024-10-19,yfinance,Data,1.0,True,0.5,0.25,0.5,0.25,0.409,0.45,0.34928099999999995,0.30250000000000005
CBRE,2025-01-17,yfinance,Data,1.0,True,0.5,0.25,0.5,0.25,0.396,0.45,0.364816,0.30250000000000005
CBRE,2025-07-21,yfinance,Data,1.0,True,0.52,0.2304,0.55,0.2024999999999999,0.384,0.45,0.379456,0.30250000000000005
TPR,2024-07-28,yfinance,Data,0.0,True,0.51,0.2601,0.485,0.235225,0.432,0.65,0.18662399999999998,0.42250000000000004
TPR,2024-08-20,yfinance,Data,0.0,True,0.51,0.2601,0.43,0.1848999999999999,0.421,0.65,0.17724099999999998,0.42250000000000004
TPR,2024-10-19,yfinance,Data,1.0,True,0.52,0.2304,0.475,0.275625,0.409,0.65,0.34928099999999995,0.12249999999999998
TPR,2025-01-17,yfinance,Data,1.0,True,0.53,0.2208999999999999,0.475,0.275625,0.396,0.65,0.364816,0.12249999999999998
TPR,2025-07-21,yfinance,Data,1.0,True,0.55,0.2024999999999999,0.5,0.25,0.384,0.65,0.379456,0.12249999999999998
CCL,2024-07-28,yfinance,Data,0.0,True,0.51,0.2601,0.485,0.235225,0.432,0.65,0.18662399999999998,0.42250000000000004
CCL,2024-08-20,yfinance,Data,0.0,True,0.515,0.265225,0.5,0.25,0.432,0.62,0.18662399999999998,0.3844
CCL,2024-10-19,yfinance,Data,1.0,True,0.52,0.2304,0.475,0.275625,0.432,0.6,0.3226240000000001,0.16000000000000003
CCL,2025-01-17,yfinance,Data,1.0,True,0.5348,0.2164110399999999,0.4,0.36,0.432,0.58,0.3226240000000001,0.17640000000000003
CCL,2025-07-21,yfinance,Data,1.0,True,0.56,0.1935999999999999,0.5,0.25,0.432,0.55,0.3226240000000001,0.20249999999999996
FFIV,2024-07-28,yfinance,Data,1.0,True,0.5,0.25,0.4,0.36,0.495,0.65,0.255025,0.12249999999999998
FFIV,2024-08-20,yfinance,Data,1.0,True,0.5005,0.24950025,0.4,0.36,0.495,0.65,0.255025,0.12249999999999998
FFIV,2024-10-19,yfinance,Data,1.0,True,0.511,0.239121,0.43,0.3249000000000001,0.495,0.65,0.255025,0.12249999999999998
FFIV,2025-01-17,yfinance,Data,1.0,True,0.535,0.2162249999999999,0.5,0.25,0.495,0.65,0.255025,0.12249999999999998
FFIV,2025-07-21,yfinance,Data,1.0,True,0.56,0.1935999999999999,0.5,0.25,0.495,0.65,0.255025,0.12249999999999998
TPkEjiNb1wVCIGFnPcDD,2025-01-10,manifold,Market,1.0,True,0.945,0.003025,0.8,0.0399999999999999,0.63,0.65,0.1369,0.12249999999999998
KCFbp1TH0RYN4j5zYdmh,2024-07-30,manifold,Market,1.0,True,0.25,0.5625,0.5,0.25,0.02,0.45,0.9603999999999999,0.30250000000000005
lFx5LHHUTgHnQPquiOMs,2024-11-21,manifold,Market,0.0,True,0.01,0.0001,0.08,0.0064,0.43,0.55,0.18489999999999998,0.30250000000000005
iPG19DGNrWEkbUBjfk6L,2024-12-13,manifold,Market,0.0,True,0.4,0.16,0.27,0.0729,0.45,0.55,0.2025,0.30250000000000005
2ZLAoe3EAFVhcFAXXfPp,2025-01-01,manifold,Market,0.0,True,0.01,0.0001,0.1,0.01,0.45,0.3,0.2025,0.09
taYZcNp99aWqZLI2nq9v,2024-12-31,manifold,Market,0.0,True,0.01,0.0001,0.1,0.01,0.23,0.55,0.0529,0.30250000000000005
0yVJeShTMcm0FA8UrcCL,2025-01-01,manifold,Market,0.0,True,0.55,0.3025,0.6,0.36,0.43,0.65,0.18489999999999998,0.42250000000000004
VB1RhUVlnNfhclAh4LvR,2024-08-11,manifold,Market,1.0,True,0.88,0.0144,0.83,0.0289,0.43,0.65,0.3249000000000001,0.12249999999999998
0m2HGw8Pd4ZTIgga0Pzv,2024-12-08,manifold,Market,0.0,True,0.01,0.0001,0.15,0.0225,0.145,0.65,0.021025,0.42250000000000004
HFuD5HPpd2ZR9gLk6nhj,2024-12-31,manifold,Market,0.0,True,0.01,0.0001,0.05,0.0025,0.45,0.25,0.2025,0.0625
iokMHn6kkmntt9E0aHHz,2025-01-01,manifold,Market,0.0,True,0.71,0.5041,0.75,0.5625,0.42,0.35,0.17639999999999997,0.12249999999999998
KtGRsTouYWiDPaPhRC3o,2024-07-27,manifold,Market,0.0,True,0.0275,0.00075625,0.175,0.0306249999999999,0.12,0.45,0.0144,0.2025
4puVWhIkvQiHnTxbH4NL,2024-09-13,manifold,Market,0.0,True,0.975,0.950625,0.95,0.9025,0.35,0.55,0.12249999999999998,0.30250000000000005
PNVVTlruggno0Yw5tjVS,2024-08-05,manifold,Market,1.0,True,0.97,0.0009,0.55,0.2024999999999999,0.12,0.45,0.7744,0.30250000000000005
0750nMx1Fqq4CWdoBHdX,2025-01-01,manifold,Market,0.0,True,0.01,0.0001,0.1,0.01,0.23,0.65,0.0529,0.42250000000000004
20895,2024-12-31,metaculus,Market,0.0,True,0.05,0.0025,0.25,0.0625,0.23,0.55,0.0529,0.30250000000000005
17179,2024-12-31,metaculus,Market,0.0,True,0.0,0.0,0.05,0.0025,0.12,0.35,0.0144,0.12249999999999998
17432,2025-06-30,metaculus,Market,0.0,True,0.0,0.0,0.05,0.0025,0.012,0.15,0.000144,0.0225
6427,2024-12-31,metaculus,Market,1.0,True,0.9,0.0099999999999999,0.55,0.2024999999999999,0.43,0.4,0.3249000000000001,0.36
7664,2024-07-25,metaculus,Market,1.0,True,0.8,0.0399999999999999,0.8,0.0399999999999999,0.43,0.55,0.3249000000000001,0.20249999999999996
17180,2024-12-31,metaculus,Market,0.0,True,0.05,0.0025,0.35,0.1224999999999999,0.12,0.55,0.0144,0.30250000000000005
2577,2025-01-01,metaculus,Market,0.0,True,0.0,0.0,0.06,0.0036,0.23,0.35,0.0529,0.12249999999999998
1386,2025-04-01,infer,Market,0.0,True,0.575,0.3306249999999999,0.61,0.3721,0.12,0.3,0.0144,0.09
1373,2025-01-01,infer,Market,0.0,True,0.58,0.3364,0.7,0.4899999999999999,0.43,0.55,0.18489999999999998,0.30250000000000005
1363,2025-07-01,infer,Market,0.0,True,0.00475,2.25625e-05,0.1,0.01,0.42,0.2,0.17639999999999997,0.04000000000000001
1399,2025-01-11,infer,Market,1.0,True,0.905,0.0090249999999999,0.95,0.0025,0.65,0.65,0.12249999999999998,0.12249999999999998
1353,2024-12-01,infer,Market,0.0,True,0.25,0.0625,0.5,0.25,0.12,0.25,0.0144,0.0625
1286,2025-01-01,infer,Market,0.0,True,0.02,0.0004,0.05,0.0025,0.02,0.4,0.0004,0.16000000000000003
1374,2024-08-02,infer,Market,1.0,True,0.7,0.09,0.75,0.0625,0.23,0.45,0.5929,0.30250000000000005
1285,2025-01-01,infer,Market,0.0,True,0.01,0.0001,0.1,0.01,0.12,0.25,0.0144,0.0625
1413,2025-07-01,infer,Market,0.0,True,0.01,0.0001,0.02,0.0004,0.23,0.25,0.0529,0.0625
1342,2025-01-01,infer,Market,0.0,True,0.01,0.0001,0.05,0.0025,0.12,0.35,0.0144,0.12249999999999998
0x2c1d8f3388f56e1641a57eec4d7645cb1dccb42054cf0d6aacc7e353d778b4f1,2025-03-01,polymarket,Market,1.0,True,0.93,0.0048999999999999,0.75,0.0625,0.23,0.45,0.5929,0.30250000000000005
0x573dfc705c8f4250064b3ad30d2cc43397f16c9fc5b343473c860bbd04d7a3ca,2024-12-01,polymarket,Market,1.0,True,0.28,0.5184,0.2,0.6400000000000001,0.34,0.65,0.4355999999999999,0.12249999999999998
0x31a5dcf98ab184ef2c167c7daaca2155242d61f841cb9ac9615f1e03c77b7732,2024-12-01,polymarket,Market,0.0,True,0.16,0.0256,0.5,0.25,0.23,0.55,0.0529,0.30250000000000005
0xa4855d0b28960be4824c31c280d274572e176313d8efda21446cabe6bdc32efc,2024-12-01,polymarket,Market,0.0,True,0.41,0.1680999999999999,0.42,0.1763999999999999,0.345,0.62,0.11902499999999998,0.3844
0xa8b22d7d3402b9823aca8ba68fa9beee749049bf67b8efa0935fcb8963d5d357,2024-12-01,polymarket,Market,0.0,True,0.06,0.0036,0.275,0.075625,0.43,0.55,0.18489999999999998,0.30250000000000005
0x438883974dfc3b261a0826c47f3f54329e9632314f85e5950b85f57d9e490363,2024-09-04,polymarket,Market,0.0,True,0.0,0.0,0.05,0.0025,0.0001,0.25,1e-08,0.0625
0xb3a14c854a91cc1d57bb4ed3ce1f74a1c3a08b9d6316f30874bda08e90fa663e,2024-09-04,polymarket,Market,0.0,True,0.01,0.0001,0.05,0.0025,0.12,0.35,0.0144,0.12249999999999998
0x154efa11ed56deca4d0d06adf2bb711a420f5128f2a274be0d6631ed4380ca78,2024-12-30,polymarket,Market,1.0,True,0.455,0.2970249999999999,0.5,0.25,0.23,0.55,0.5929,0.20249999999999996
0x60752c2a562d7faff00a82238520a13a9a5a5ee2927afd397d224dc54361afd6,2024-08-08,polymarket,Market,1.0,True,1.0,0.0,0.9,0.0099999999999999,0.45,0.25,0.30250000000000005,0.5625
0xf5875410202b3545491774ab5e712a6e05a0ffe780c52270cc8d70cc95164411,2024-08-10,polymarket,Market,0.0,True,0.0,0.0,0.45,0.2025,0.45,0.65,0.2025,0.42250000000000004
0x63634b4e14297a748923f86dca4fa0c6c659db0f5fadeeb8e419e48e20759c34,2024-11-05,polymarket,Market,0.0,True,0.0,0.0,0.02,0.0004,0.0001,0.02,1e-08,0.0004
0x5cd8bb97af43191779906af4e624fd87eb2a07bcdb19a22b8f0943cc20dca848,2024-11-05,polymarket,Market,0.0,True,0.0,0.0,0.01,0.0001,0.001,0.15,1e-06,0.0225
0x7e912d337aec54d321a4d415bd05e5a6676c3f04617f07def1281be7e0af3e91,2024-09-10,polymarket,Market,0.0,True,0.0,0.0,0.01,0.0001,0.0001,0.25,1e-08,0.0625
0x0784ce77446e73c456f7ea8216108ce3a2673488aba71afdaadb0939324b4c59,2024-12-31,polymarket,Market,0.0,True,0.04,0.0016,0.05,0.0025,0.02,0.55,0.0004,0.30250000000000005
0xea3b3876ef2d1777f4320c79e9fb08cd4dbea4f174403995b8884f34aa5d76c9,2024-12-31,polymarket,Market,0.0,True,0.0075,5.625e-05,0.07,0.0049,0.02,0.3,0.0004,0.09
0xd9773233f3dd345b0cf99b4338e9663dee025c76bcdae2d8f11efb4327a3566d,2024-12-31,polymarket,Market,0.0,True,0.1,0.01,0.1,0.01,0.42,0.65,0.17639999999999997,0.42250000000000004
0x4ac4849343a847d75cff15174a139ef9c4bc89bdb8c8bcdd7bee61204912d549,2024-12-31,polymarket,Market,0.0,True,0.1,0.01,0.4,0.16,0.15,0.35,0.0225,0.12249999999999998
0xa05e93dbcfefc56ee0ab0151512dccaae63840650eaae9ed8a89d5dcbe238f22,2024-12-31,polymarket,Market,1.0,True,0.99,0.0001,0.9,0.0099999999999999,0.65,0.55,0.12249999999999998,0.20249999999999996
0x122678509891ed9fe0b9ad7ff7a71a1a36aad334d9eae2d5421648b511371df1,2024-12-31,polymarket,Market,1.0,True,1.0,0.0,0.43,0.3249000000000001,0.012,0.55,0.976144,0.20249999999999996
0xc8081f7c63082b34b1b2497f339c291e00587e8800b48db8096fbe763c2be31c,2024-12-31,polymarket,Market,0.0,True,0.0,0.0,0.5,0.25,0.02,0.2,0.0004,0.04000000000000001
0x81bb9ebd9312790810d3d40ee6545d97a8cbaee3233959b3e2bb4c37604e5e82,2024-11-05,polymarket,Market,0.0,True,0.001,1e-06,0.15,0.0225,0.45,0.7,0.2025,0.48999999999999994
0xfe495172d67c0bd95c8c62b9a9f9815b6e35d9653e5a1f4f8c1abb051e4f3638,2024-11-05,polymarket,Market,0.0,True,0.0,0.0,0.035,0.001225,0.02,0.15,0.0004,0.0225
